Most common words,Jane Eyre relative frequency,Wuthering Heights relative frequency,Relative frequency difference
heathcliff,0.0,0.008734989609959727,0.008734989609959727
linton,0.0,0.007429338531418379,0.007429338531418379
catherine,1.144937658144514e-05,0.00696960223615734,0.006958152859575895
hareton,0.0,0.003291711874069034,0.003291711874069034
sir,0.003606553623155219,0.0007907464278489858,0.002815807195306233
master,0.0011334882815630689,0.003769837621140514,0.002636349339577445
joseph,0.0,0.0025745232534618145,0.0025745232534618145
earnshaw,0.0,0.0023722392835469576,0.0023722392835469576
cathy,0.0,0.0022802920244947497,0.0022802920244947497
edgar,0.0,0.0021331764100112178,0.0021331764100112178
answered,0.0008587032436083856,0.002868754482428879,0.0020100512388204934
us,0.0014197226960991974,0.003328490777689917,0.0019087680815907198
ellen,0.0,0.0018205557292337116,0.0018205557292337116
replied,0.0003663800506062445,0.002151565861821659,0.0017851858112154146
heights,2.289875316289028e-05,0.00180216627742327,0.0017792675242603796
father,0.0006411650885609279,0.0023354603799260742,0.0016942952913651464
like,0.0045454025028337204,0.002868754482428879,0.0016766480204048416
nelly,0.0,0.0016366612111292963,0.0016366612111292963
grange,3.4348129744335424e-05,0.0015998823075084132,0.0015655341777640777
well,0.003984383050342909,0.0024825759944096066,0.0015018070559333022
till,0.0012823301771218557,0.002776807223376671,0.0014944770462548152
hindley,0.0,0.0014711561448353225,0.0014711561448353225
one,0.0067894803127969685,0.005332941025028044,0.0014565392877689248
cried,0.000652614465142373,0.0020963975063903345,0.0014437830412479613
yes,0.0023127740694519183,0.0010298093013847258,0.0012829647680671925
papa,0.00010304438923300626,0.0013608194339726732,0.0012577750447396669
isabella,0.0,0.0011585354640578165,0.0011585354640578165
room,0.003011186040920072,0.0018573346328545947,0.0011538514080654773
get,0.001053342645492953,0.0022067342172529835,0.0011533915717600305
looked,0.002530312224499376,0.0013792088857831149,0.001151103338716261
miss,0.0035493067402479934,0.0024090181871678404,0.001140288553080153
seemed,0.0024043690821034793,0.0012688721749204656,0.0011354969071830138
wuthering,0.0,0.0011217565604369334,0.0011217565604369334
cousin,0.0001373925189773417,0.0011953143676786994,0.0010579218487013578
long,0.0028394453921983948,0.0017837768256128285,0.0010556685665855663
let,0.0015227670853322037,0.0025745232534618145,0.0010517561681296108
young,0.0009273995030970564,0.0019676713437172437,0.0010402718406201873
still,0.0028165466390355047,0.0018205557292337116,0.0009959909098017931
come,0.0025532109776622664,0.0034939958439838908,0.0009407848663216243
eye,0.0013395770600290813,0.00040456793982971366,0.0009350091201993677
dean,0.0,0.000901083138711635,0.000901083138711635
exclaimed,0.0005037725695835861,0.0013792088857831149,0.0008754363161995287
yet,0.002782198509291169,0.0019308924400963606,0.0008513060691948085
kitchen,0.00038927880376913475,0.0012320932712995825,0.0008428144675304477
life,0.0018433496296126675,0.0010114198495742841,0.0008319297800383834
going,0.0008129057372826049,0.0016366612111292963,0.0008237554738466914
shall,0.002713502249802498,0.0035123852957943324,0.0007988830459918343
stairs,0.00019463940188456738,0.0009562514941429596,0.0007616120922583922
lad,1.144937658144514e-05,0.0007723569760385443,0.0007609075994570992
home,0.0009159501265156113,0.0016734401147501792,0.0007574899882345679
new,0.0012479820473775202,0.0004965151988819213,0.0007514668484955989
thought,0.002919591028268511,0.0021699553136321006,0.0007496357146364102
voice,0.0014197226960991974,0.0006804097169863366,0.0007393129791128608
quite,0.0016143620979837648,0.0008826936869011935,0.0007316684110825713
passed,0.0010762413986558433,0.0003493995843983891,0.0007268418142574542
began,0.0006068169588165925,0.0013240405303517901,0.0007172235715351977
day,0.002702052873221053,0.0019860607955276854,0.0007159920776933677
felt,0.0018547990061941128,0.0011401460122473749,0.0007146529939467379
near,0.0014998683321693134,0.0007907464278489858,0.0007091219043203277
indeed,0.0012937795537033008,0.000588462457934129,0.0007053170957691718
though,0.001545665838495094,0.002225123669063425,0.0006794578305683312
back,0.001545665838495094,0.002225123669063425,0.0006794578305683312
mistress,0.0002747850379546834,0.000937862042332518,0.0006630770043778347
gimmerton,0.0,0.0006620202651758951,0.0006620202651758951
saw,0.002129584044148796,0.0014711561448353225,0.0006584278993134736
son,0.00010304438923300626,0.0007539675242281028,0.0006509231349950966
ill,0.0003434812974433542,0.0009930303977638427,0.0006495491003204885
oh,0.001305228930284746,0.0019492818919068023,0.0006440529616220563
zillah,0.0,0.0006436308133654536,0.0006436308133654536
could,0.005770485797048351,0.005130657055113187,0.0006398287419351638
little,0.003904237414272793,0.0032733224222585926,0.0006309149920142002
night,0.002541761601080821,0.0019125029882859192,0.0006292586127949018
stood,0.0014197226960991974,0.0007907464278489858,0.0006289762682502116
bid,0.00011449376581445141,0.0007355780724176612,0.0006210843066032099
something,0.001557115215076539,0.000937862042332518,0.000619253172744021
woman,0.0010762413986558433,0.00045973629526103825,0.000616505103394805
heard,0.0020608877846601255,0.0014527666930248808,0.0006081210916352446
much,0.002370020952359144,0.001765387373802387,0.0006046335785567568
among,0.00020608877846601251,0.0008091358796594273,0.0006030471011934148
unless,0.00011449376581445141,0.0007171886206072197,0.0006026948547927683
boy,0.00011449376581445141,0.0007171886206072197,0.0006026948547927683
strange,0.0011105895284001786,0.0005149046506923629,0.0005956848777078157
sort,0.0008129057372826049,0.00022067342172529838,0.0005922323155573066
might,0.0018204508764497773,0.0024090181871678404,0.0005885673107180632
ye,0.00024043690821034795,0.0008275253314698689,0.0005870884232595209
ever,0.0018319002530312225,0.0012504827231100241,0.0005814175299211984
moment,0.0012594314239589655,0.0006804097169863366,0.0005790217069726289
whole,0.000572468829072257,0.0011401460122473749,0.0005676771831751178
knew,0.0012823301771218557,0.0007171886206072197,0.000565141556514636
house,0.0020837865378230155,0.0026480810607035802,0.0005642945228805647
low,0.0008358044904454952,0.00027584177715662294,0.0005599627132888722
thus,0.0007556588543753792,0.00020228396991485683,0.0005533748844605224
tell,0.0016945077340538807,0.002243513120873867,0.0005490053868199862
found,0.0014311720726806426,0.0008826936869011935,0.0005484783857794491
devil,0.00012594314239589653,0.0006620202651758951,0.0005360771227799986
good,0.0026791541200581626,0.002151565861821659,0.0005275882582365036
minute,0.00022898753162890281,0.0007539675242281028,0.0005249799925992
else,0.0003434812974433542,0.000864304235090752,0.0005208229376473978
nature,0.0009045007499341661,0.00038617848801927217,0.000518322261914894
companion,0.00020608877846601251,0.0007171886206072197,0.0005110998421412071
muttered,8.014563607011598e-05,0.000588462457934129,0.000508316821864013
coming,0.0005266713227464765,0.0010298093013847258,0.0005031379786382493
told,0.0009502982562599467,0.0014527666930248808,0.0005024684367649342
dark,0.0010876907752372883,0.000588462457934129,0.0004992283173031593
worse,0.00024043690821034795,0.0007355780724176612,0.0004951411642073133
far,0.0013395770600290813,0.0008459147832803104,0.0004936622767487709
without,0.0016143620979837648,0.0011217565604369334,0.0004926055375468314
girl,0.0009502982562599467,0.00045973629526103825,0.0004905619609989084
nobody,0.0001717406487216771,0.0006620202651758951,0.0004902796164542179
given,0.0007213107246310438,0.0002390628735357399,0.0004822478510953039
mr,0.006217011483724711,0.005737508964857758,0.00047950251886695345
thrushcross,0.0,0.0004781257470714798,0.0004781257470714798
heart,0.0020036409017528995,0.001526324500266647,0.00047731640148625243
god,0.0012479820473775202,0.0007723569760385443,0.0004756250713389759
even,0.0013739251897734168,0.000901083138711635,0.0004728420510617819
maister,1.144937658144514e-05,0.0004781257470714798,0.00046667637049003466
set,0.0006755132183052633,0.0011401460122473749,0.0004646327939421116
settle,6.869625948867085e-05,0.0005332941025028044,0.0004645978430141336
yah,0.0,0.00045973629526103825,0.00045973629526103825
hurt,0.00014884189555878683,0.0006068519097445705,0.0004580100141857837
run,0.00020608877846601251,0.0006620202651758951,0.00045593148670988254
rose,0.0010991401518187336,0.0006436308133654536,0.00045550933845327993
remained,0.0001717406487216771,0.0006252413615550121,0.00045350071283333497
however,0.0007442094777939341,0.0011953143676786994,0.0004511048898847653
bad,0.0003778294271876896,0.0008275253314698689,0.00044969590428217926
time,0.002782198509291169,0.0023354603799260742,0.00044673812936509493
keep,0.0008243551138640501,0.0012688721749204656,0.0004445170610564155
kenneth,0.0,0.00044134684345059676,0.00044134684345059676
mrs,0.0028852428985241753,0.0024457970907887237,0.00043944580773545155
feeling,0.0007671082309568244,0.00033101013258794753,0.00043609809836887684
sometimes,0.0008014563607011598,0.0003677890362088306,0.00043366732449232916
whose,0.0007213107246310438,0.0002942312289670645,0.00042707949566397934
go,0.00285089476877984,0.0032733224222585926,0.00042242765347875284
instead,0.00020608877846601251,0.0006252413615550121,0.00041915258308899956
angry,8.014563607011598e-05,0.0004965151988819213,0.0004163695628118054
also,0.0003778294271876896,0.0007907464278489858,0.00041291700066129616
hate,0.0002862344145361285,0.0006987991687967782,0.00041256475426064963
observed,0.0003434812974433542,0.0007539675242281028,0.0004104862267847486
find,0.0008701526201898307,0.00045973629526103825,0.00041041632492879246
looking,0.001144937658144514,0.0007355780724176612,0.00040935958572685285
soon,0.0017517546169611065,0.0013424299821622318,0.0004093246347988747
may,0.0016258114745652098,0.0020228396991485683,0.00039702822458335843
servant,0.00041217755693202503,0.0008091358796594273,0.0003969583227274023
doctor,4.579750632578056e-05,0.00044134684345059676,0.0003955493371248162
think,0.0024730653415921504,0.002078008054579893,0.0003950572870122576
course,0.0007785576075382695,0.00038617848801927217,0.00039237911951899734
pale,0.0006297157119794827,0.0002390628735357399,0.00039065283844374283
hold,0.0003091331676990188,0.0006987991687967782,0.00038966600109775935
commenced,0.00012594314239589653,0.0005149046506923629,0.0003889615082964664
turned,0.0011220389049816238,0.0007355780724176612,0.0003864608325639626
take,0.0017288558637982162,0.002114786958200776,0.00038593109440255994
hardly,0.00042362693351347016,0.0008091358796594273,0.00038550894614595716
returned,0.0007556588543753792,0.0011401460122473749,0.0003844871578719956
perhaps,0.0011907351644702946,0.0008091358796594273,0.0003815992848108673
minutes,0.0008587032436083856,0.0004781257470714798,0.0003805774965369058
hour,0.001465520202424978,0.0010849776568160503,0.0003805425456089276
nay,0.00010304438923300626,0.0004781257470714798,0.00037508135783847357
bring,0.00025188628479179306,0.0006252413615550121,0.000373355076763219
large,0.0007556588543753792,0.00038617848801927217,0.00036948036635610707
compelled,0.0,0.0003677890362088306,0.0003677890362088306
crying,5.7246882907225704e-05,0.0004229573916401552,0.00036571050873292953
park,5.7246882907225704e-05,0.0004229573916401552,0.00036571050873292953
latter,5.7246882907225704e-05,0.0004229573916401552,0.00036571050873292953
know,0.0025875591074066015,0.002225123669063425,0.00036243543834317635
continued,0.0008701526201898307,0.0012320932712995825,0.0003619406511097518
interrupted,0.0001717406487216771,0.0005332941025028044,0.00036155345378112734
lips,0.0007098613480495987,0.0003493995843983891,0.0003604617636512096
fit,0.00022898753162890281,0.000588462457934129,0.00035947492630522613
fingers,0.00022898753162890281,0.000588462457934129,0.00035947492630522613
speech,4.579750632578056e-05,0.00040456793982971366,0.0003587704335039331
took,0.0014082733195177524,0.001765387373802387,0.0003571140542846347
hand,0.0020837865378230155,0.001728608470181504,0.0003551780676415116
wicked,0.00016029127214023197,0.0005149046506923629,0.00035461337855213093
words,0.0011792857878888494,0.0008275253314698689,0.0003517604564189805
wife,0.0008472538670269403,0.0004965151988819213,0.000350738668145019
door,0.0020952359144044605,0.0024457970907887237,0.0003505611763842632
lie,0.00018319002530312224,0.0005332941025028044,0.0003501040771996822
lockwood,0.0,0.0003493995843983891,0.0003493995843983891
directly,0.00014884189555878683,0.0004965151988819213,0.0003476733033231345
white,0.0008243551138640501,0.0004781257470714798,0.00034622936679257026
bear,0.0004465256866763605,0.0007907464278489858,0.0003442207411726253
countenance,0.00035493067402479934,0.0006987991687967782,0.0003438684947719788
th,8.014563607011598e-05,0.0004229573916401552,0.0003428117555700392
best,0.0007098613480495987,0.0003677890362088306,0.00034207231184076807
next,0.0005610194524908119,0.000901083138711635,0.00034006368622082304
sorry,0.00016029127214023197,0.0004965151988819213,0.0003362239267416894
full,0.0009388488796785015,0.0006068519097445705,0.000331996969933931
face,0.0021868309270560216,0.0018573346328545947,0.000329496294201427
gate,0.00014884189555878683,0.0004781257470714798,0.00032928385151269297
married,0.0006182663353980376,0.0002942312289670645,0.0003240351064309731
temper,0.00010304438923300626,0.0004229573916401552,0.00031991300240714893
besides,0.0007785576075382695,0.00045973629526103825,0.00031882131227723126
length,0.00016029127214023197,0.0004781257470714798,0.00031783447493124783
every,0.0011907351644702946,0.0015079350484562056,0.00031719988398591094
garden,0.0003663800506062445,0.0006804097169863366,0.0003140296663800921
left,0.001637260851146655,0.0013240405303517901,0.00031322032079486497
already,0.0005839182056537022,0.00027584177715662294,0.00030807642849707925
turning,0.00026333566137323825,0.0005700730061236874,0.0003067373447504492
law,0.0001717406487216771,0.0004781257470714798,0.0003063850983498027
former,0.0001717406487216771,0.0004781257470714798,0.0003063850983498027
taken,0.0007098613480495987,0.00040456793982971366,0.000305293408219885
cry,0.00022898753162890281,0.0005332941025028044,0.0003043065708739016
high,0.000652614465142373,0.0003493995843983891,0.00030321488074398393
tongue,0.00019463940188456738,0.0004965151988819213,0.00030187579699735397
guess,0.00010304438923300626,0.00040456793982971366,0.0003015235505967074
light,0.0011105895284001786,0.0008091358796594273,0.00030145364874075125
air,0.0006869625948867084,0.00038617848801927217,0.00030078410686743625
say,0.0022669765631261377,0.0019676713437172437,0.000299305219408894
hear,0.0010075451391671722,0.0013056510785413487,0.00029810593937417643
grew,0.0003091331676990188,0.0006068519097445705,0.0002977187420455517
show,0.0003091331676990188,0.0006068519097445705,0.0002977187420455517
feel,0.0009960957625857272,0.0006987991687967782,0.00029729659378894906
pony,3.4348129744335424e-05,0.00033101013258794753,0.0002966620028436121
got,0.0011563870347259591,0.0014527666930248808,0.0002963796582989217
almost,0.0011220389049816238,0.0008275253314698689,0.00029451357351175495
silence,0.0006984119714681536,0.00040456793982971366,0.0002938440316384399
making,0.00024043690821034795,0.0005332941025028044,0.00029285719429245646
un,5.7246882907225704e-05,0.0003493995843983891,0.0002921527014911634
called,0.0009159501265156113,0.0006252413615550121,0.0002907087649605992
moors,0.00011449376581445141,0.00040456793982971366,0.00029007417401526224
court,2.289875316289028e-05,0.00031262068077750604,0.00028972192761461576
another,0.0012937795537033008,0.0015814928556979716,0.0002877133019946708
alone,0.0008358044904454952,0.0011217565604369334,0.0002859520699914382
except,0.00022898753162890281,0.0005149046506923629,0.00028591711906346005
church,0.0005037725695835861,0.00022067342172529838,0.00028309914785828777
stay,0.0006182663353980376,0.000901083138711635,0.00028281680331359736
two,0.0022669765631261377,0.0019860607955276854,0.0002809157675984523
wished,0.0008129057372826049,0.0005332941025028044,0.0002796116347798005
perceiving,0.0,0.00027584177715662294,0.00027584177715662294
repeated,0.00024043690821034795,0.0005149046506923629,0.0002744677424820149
whispered,0.00024043690821034795,0.0005149046506923629,0.0002744677424820149
hush,0.00014884189555878683,0.0004229573916401552,0.0002741154960813684
weeping,5.7246882907225704e-05,0.00033101013258794753,0.00027376324968072185
finally,5.7246882907225704e-05,0.00033101013258794753,0.00027376324968072185
visit,0.00020608877846601251,0.0004781257470714798,0.0002720369686054673
bit,0.00011449376581445141,0.00038617848801927217,0.00027168472220482075
em,2.289875316289028e-05,0.0002942312289670645,0.0002713324758041742
foolish,2.289875316289028e-05,0.0002942312289670645,0.0002713324758041742
done,0.0008701526201898307,0.0011401460122473749,0.00026999339205754415
humour,4.579750632578056e-05,0.00031262068077750604,0.0002668231744517255
nearly,0.0002862344145361285,0.0005516835543132459,0.00026544913977711736
sake,0.00019463940188456738,0.00045973629526103825,0.0002650968933764709
lattice,1.144937658144514e-05,0.00027584177715662294,0.0002643924005751778
company,0.0003091331676990188,0.0005700730061236874,0.00026093983842466863
stared,3.4348129744335424e-05,0.0002942312289670645,0.0002598830992227291
fine,0.0006640638417238181,0.00040456793982971366,0.0002594959018941045
since,0.0008816019967712758,0.0011401460122473749,0.000258544015476099
cold,0.0009388488796785015,0.0006804097169863366,0.0002584391626921649
laughing,9.159501265156112e-05,0.0003493995843983891,0.000257804571746828
thoughts,0.0005152219461650314,0.00025745232534618145,0.0002577696208188499
care,0.0006068169588165925,0.000864304235090752,0.0002574872762741595
dog,0.00029768379111757366,0.0005516835543132459,0.0002539997631956722
summer,0.00020608877846601251,0.00045973629526103825,0.00025364751679502574
wi,2.289875316289028e-05,0.00027584177715662294,0.00025294302399373267
sobbed,2.289875316289028e-05,0.00027584177715662294,0.00025294302399373267
seized,0.0001717406487216771,0.0004229573916401552,0.0002512167429184781
remain,0.0001717406487216771,0.0004229573916401552,0.0002512167429184781
fro,8.014563607011598e-05,0.00033101013258794753,0.00025086449651783157
n,8.014563607011598e-05,0.00033101013258794753,0.00025086449651783157
friend,0.00032058254428046393,0.0005700730061236874,0.0002494904618432235
books,0.00032058254428046393,0.0005700730061236874,0.0002494904618432235
purpose,0.00019463940188456738,0.00044134684345059676,0.0002467074415660294
remarked,0.00019463940188456738,0.00044134684345059676,0.0002467074415660294
sure,0.0011105895284001786,0.000864304235090752,0.0002462852933094266
hinder,1.144937658144514e-05,0.00025745232534618145,0.0002460029487647363
lass,1.144937658144514e-05,0.00025745232534618145,0.0002460029487647363
morning,0.001385374566354862,0.0011401460122473749,0.0002452285541074872
absence,0.00016029127214023197,0.00040456793982971366,0.0002442766676894817
character,0.0005381206993279216,0.0002942312289670645,0.00024388947036085715
power,0.0005381206993279216,0.0002942312289670645,0.00024388947036085715
joy,0.00021753815504745768,0.00045973629526103825,0.00024219814021358057
_you_,0.00012594314239589653,0.0003677890362088306,0.0002418458938129341
entirely,0.00012594314239589653,0.0003677890362088306,0.0002418458938129341
calling,3.4348129744335424e-05,0.00027584177715662294,0.00024149364741228753
morrow,0.0003663800506062445,0.0006068519097445705,0.00024047185913832604
floor,0.00018319002530312224,0.0004229573916401552,0.00023976736633703297
departed,9.159501265156112e-05,0.00033101013258794753,0.0002394151199363864
leant,9.159501265156112e-05,0.00033101013258794753,0.0002394151199363864
chapel,0.0,0.0002390628735357399,0.0002390628735357399
lintons,0.0,0.0002390628735357399,0.0002390628735357399
doors,0.00024043690821034795,0.0004781257470714798,0.00023768883886113185
ago,0.00045797506325780563,0.00022067342172529838,0.00023730164153250725
self,0.00045797506325780563,0.00022067342172529838,0.00023730164153250725
silly,5.7246882907225704e-05,0.0002942312289670645,0.00023698434605983878
make,0.0016945077340538807,0.0019308924400963606,0.00023638470604247998
bonny,2.289875316289028e-05,0.00025745232534618145,0.00023455357218329117
raise,2.289875316289028e-05,0.00025745232534618145,0.00023455357218329117
idle,2.289875316289028e-05,0.00025745232534618145,0.00023455357218329117
amusement,2.289875316289028e-05,0.00025745232534618145,0.00023455357218329117
point,0.0005839182056537022,0.0003493995843983891,0.0002345186212553131
notice,0.00026333566137323825,0.0004965151988819213,0.0002331795375086831
flung,8.014563607011598e-05,0.00031262068077750604,0.00023247504470739005
naughty,8.014563607011598e-05,0.00031262068077750604,0.00023247504470739005
refused,8.014563607011598e-05,0.00031262068077750604,0.00023247504470739005
road,0.0005037725695835861,0.0007355780724176612,0.00023180550283407513
hearth,0.00032058254428046393,0.0005516835543132459,0.00023110101003278195
clear,0.00046942443983925077,0.0002390628735357399,0.00023036156630351087
concerning,4.579750632578056e-05,0.00027584177715662294,0.0002300442708308424
marry,0.0005610194524908119,0.00033101013258794753,0.00023000931990286438
open,0.0008014563607011598,0.0010298093013847258,0.000228352940683566
mention,0.00010304438923300626,0.00033101013258794753,0.00022796574335494127
forget,0.0005037725695835861,0.00027584177715662294,0.00022793079242696318
death,0.0006182663353980376,0.0008459147832803104,0.00022764844788227283
dismal,1.144937658144514e-05,0.0002390628735357399,0.00022761349695429476
sat,0.0012021845410517397,0.0009746409459534011,0.00022754359509833853
together,0.0005266713227464765,0.0007539675242281028,0.0002272962014816263
times,0.0003434812974433542,0.0005700730061236874,0.00022659170868033322
give,0.0014769695790064232,0.0012504827231100241,0.00022648685589639903
rough,0.00016029127214023197,0.00038617848801927217,0.0002258872158790402
housekeeper,0.00016029127214023197,0.00038617848801927217,0.0002258872158790402
odd,6.869625948867085e-05,0.0002942312289670645,0.00022553496947839364
raised,0.00021753815504745768,0.00044134684345059676,0.00022380868840313908
cause,0.00012594314239589653,0.0003493995843983891,0.00022345644200249255
way,0.0016945077340538807,0.0014711561448353225,0.00022335158921855816
quiet,0.0006640638417238181,0.00044134684345059676,0.00022271699827322138
window,0.0008816019967712758,0.0011033671086264918,0.00022176511185521591
notion,0.00018319002530312224,0.00040456793982971366,0.00022137791452659142
sit,0.0006984119714681536,0.0009194725905220765,0.00022106061905392295
walking,9.159501265156112e-05,0.00031262068077750604,0.00022102566812594492
stopped,0.0005152219461650314,0.0002942312289670645,0.00022099071719796688
nowt,0.0,0.00022067342172529838,0.00022067342172529838
sha,0.0,0.00022067342172529838,0.00022067342172529838
behaviour,0.0,0.00022067342172529838,0.00022067342172529838
hide,0.0,0.00022067342172529838,0.00022067342172529838
minny,0.0,0.00022067342172529838,0.00022067342172529838
doubt,0.0006984119714681536,0.0004781257470714798,0.00022028622439667375
kill,5.7246882907225704e-05,0.00027584177715662294,0.00021859489424939723
feelings,0.0005495700759093668,0.00033101013258794753,0.00021855994332141925
followed,0.0006411650885609279,0.0004229573916401552,0.00021820769692077266
pleasure,0.0008243551138640501,0.0006068519097445705,0.00021750320411947953
inquired,0.00029768379111757366,0.0005149046506923629,0.00021722085957478923
says,0.00029768379111757366,0.0005149046506923629,0.00021722085957478923
snow,0.00020608877846601251,0.0004229573916401552,0.0002168686131741427
wretch,2.289875316289028e-05,0.0002390628735357399,0.00021616412037284963
sadly,2.289875316289028e-05,0.0002390628735357399,0.00021616412037284963
exceedingly,2.289875316289028e-05,0.0002390628735357399,0.00021616412037284963
hands,0.0008701526201898307,0.0010849776568160503,0.0002148250366262196
wish,0.0012021845410517397,0.001415987789403998,0.00021380324835225829
guessed,4.579750632578056e-05,0.00025745232534618145,0.0002116548190204009
insisted,4.579750632578056e-05,0.00025745232534618145,0.0002116548190204009
chamber,0.00046942443983925077,0.0006804097169863366,0.00021098527714708584
bed,0.000984646386004282,0.0011953143676786994,0.00021066798167441742
name,0.0009273995030970564,0.0007171886206072197,0.0002102108824898367
corner,0.00019463940188456738,0.00040456793982971366,0.0002099285379451463
said,0.0066864359235639615,0.006896044428915574,0.00020960850535161214
opportunity,0.00010304438923300626,0.00031262068077750604,0.00020957629154449978
order,0.0005037725695835861,0.0002942312289670645,0.00020954134061652163
vexed,1.144937658144514e-05,0.00022067342172529838,0.00020922404514385324
damn,1.144937658144514e-05,0.00022067342172529838,0.00020922404514385324
extremely,1.144937658144514e-05,0.00022067342172529838,0.00020922404514385324
certain,0.0007785576075382695,0.0005700730061236874,0.00020848460141458208
pleased,0.00025188628479179306,0.00045973629526103825,0.0002078500104692452
gentleman,0.0004465256866763605,0.0002390628735357399,0.0002074628131406206
remove,6.869625948867085e-05,0.00027584177715662294,0.0002071455176679521
illness,6.869625948867085e-05,0.00027584177715662294,0.0002071455176679521
altered,6.869625948867085e-05,0.00027584177715662294,0.0002071455176679521
hell,0.00012594314239589653,0.00033101013258794753,0.000205066990192051
killed,3.4348129744335424e-05,0.0002390628735357399,0.0002047147437914045
horse,0.0003663800506062445,0.0005700730061236874,0.00020369295551744295
reason,0.0002747850379546834,0.0004781257470714798,0.0002033407091167964
laughed,0.00018319002530312224,0.00038617848801927217,0.00020298846271614993
dress,0.00042362693351347016,0.00022067342172529838,0.00020295351178817179
begone,0.0,0.00020228396991485683,0.00020228396991485683
brother,0.0005152219461650314,0.0007171886206072197,0.00020196667444218833
poor,0.0007556588543753792,0.0009562514941429596,0.00020059263976758036
glass,0.00045797506325780563,0.00025745232534618145,0.00020052273791162418
attempted,5.7246882907225704e-05,0.00025745232534618145,0.00020020544243895574
completely,5.7246882907225704e-05,0.00025745232534618145,0.00020020544243895574
aversion,5.7246882907225704e-05,0.00025745232534618145,0.00020020544243895574
seated,0.00020608877846601251,0.00040456793982971366,0.00019847916136370115
dogs,2.289875316289028e-05,0.00022067342172529838,0.0001977746685624081
hereafter,2.289875316289028e-05,0.00022067342172529838,0.0001977746685624081
villain,2.289875316289028e-05,0.00022067342172529838,0.0001977746685624081
grieved,2.289875316289028e-05,0.00022067342172529838,0.0001977746685624081
quarrel,2.289875316289028e-05,0.00022067342172529838,0.0001977746685624081
wild,0.0006755132183052633,0.0004781257470714798,0.00019738747123378348
conduct,0.0001717406487216771,0.0003677890362088306,0.00019604838748715352
entered,0.0006869625948867084,0.0008826936869011935,0.0001957310920144851
chimney,8.014563607011598e-05,0.00027584177715662294,0.00019569614108650696
convinced,8.014563607011598e-05,0.00027584177715662294,0.00019569614108650696
inform,8.014563607011598e-05,0.00027584177715662294,0.00019569614108650696
walk,0.0005953675822351473,0.0007907464278489858,0.00019537884561383846
enough,0.00122508329421463,0.0010298093013847258,0.00019527399282990416
arm,0.0005037725695835861,0.0006987991687967782,0.00019502659921319203
teeth,0.0001373925189773417,0.00033101013258794753,0.00019361761361060583
dropped,0.0001373925189773417,0.00033101013258794753,0.00019361761361060583
turn,0.000652614465142373,0.0008459147832803104,0.00019330031813793742
guest,4.579750632578056e-05,0.0002390628735357399,0.00019326536720995935
step,0.0005610194524908119,0.0003677890362088306,0.0001932304162819813
sound,0.0005610194524908119,0.0003677890362088306,0.0001932304162819813
great,0.0013510264366105266,0.0011585354640578165,0.00019249097255271005
blue,0.00041217755693202503,0.00022067342172529838,0.00019150413520672665
talk,0.0007098613480495987,0.000901083138711635,0.00019122179066203627
lock,0.00010304438923300626,0.0002942312289670645,0.00019118683973405823
period,0.00010304438923300626,0.0002942312289670645,0.00019118683973405823
garret,1.144937658144514e-05,0.00020228396991485683,0.0001908345933334117
mamma,1.144937658144514e-05,0.00020228396991485683,0.0001908345933334117
lived,0.0004465256866763605,0.00025745232534618145,0.00018907336133017904
bright,0.0004465256866763605,0.00025745232534618145,0.00018907336133017904
stepped,6.869625948867085e-05,0.00025745232534618145,0.0001887560658575106
escape,6.869625948867085e-05,0.00025745232534618145,0.0001887560658575106
smile,0.0005381206993279216,0.0003493995843983891,0.00018872111492953256
different,0.00038927880376913475,0.00020228396991485683,0.00018699483385427792
imagine,0.00012594314239589653,0.00031262068077750604,0.0001866775383816095
condition,0.00012594314239589653,0.00031262068077750604,0.0001866775383816095
hat,0.00012594314239589653,0.00031262068077750604,0.0001866775383816095
strength,0.0004808738164206959,0.0002942312289670645,0.00018664258745363141
pulled,3.4348129744335424e-05,0.00022067342172529838,0.00018632529198096294
agitation,3.4348129744335424e-05,0.00022067342172529838,0.00018632529198096294
recovered,3.4348129744335424e-05,0.00022067342172529838,0.00018632529198096294
thee,3.4348129744335424e-05,0.00022067342172529838,0.00018632529198096294
reply,0.00042362693351347016,0.0002390628735357399,0.00018456405997773026
dear,0.00033203192086190907,0.0005149046506923629,0.00018287272983045382
ah,0.00024043690821034795,0.0004229573916401552,0.00018252048342980726
uttered,0.00024043690821034795,0.0004229573916401552,0.00018252048342980726
neck,0.00024043690821034795,0.0004229573916401552,0.00018252048342980726
gone,0.0007556588543753792,0.000937862042332518,0.00018220318795713882
fool,0.00014884189555878683,0.00033101013258794753,0.0001821682370291607
ashamed,5.7246882907225704e-05,0.0002390628735357399,0.0001818159906285142
question,0.0005495700759093668,0.0003677890362088306,0.00018178103970053615
seeing,0.00020608877846601251,0.00038617848801927217,0.00018008970955325966
beside,0.00011449376581445141,0.0002942312289670645,0.00017973746315261307
pushing,2.289875316289028e-05,0.00020228396991485683,0.00017938521675196656
retorted,2.289875316289028e-05,0.00020228396991485683,0.00017938521675196656
live,0.0007671082309568244,0.000588462457934129,0.0001786457730226954
fiend,8.014563607011598e-05,0.00025745232534618145,0.00017730668927606546
strong,0.0006182663353980376,0.00044134684345059676,0.00017691949194744084
apparently,0.0001373925189773417,0.00031262068077750604,0.00017522816180016434
yard,0.0001373925189773417,0.00031262068077750604,0.00017522816180016434
ere,0.00046942443983925077,0.0002942312289670645,0.00017519321087218628
harm,4.579750632578056e-05,0.00022067342172529838,0.0001748759153995178
owner,4.579750632578056e-05,0.00022067342172529838,0.0001748759153995178
patience,4.579750632578056e-05,0.00022067342172529838,0.0001748759153995178
prevent,4.579750632578056e-05,0.00022067342172529838,0.0001748759153995178
upon,0.0005610194524908119,0.00038617848801927217,0.00017484096447153974
send,0.0003778294271876896,0.0005516835543132459,0.00017385412712555626
yesterday,0.00019463940188456738,0.0003677890362088306,0.00017314963432426325
health,0.00019463940188456738,0.0003677890362088306,0.00017314963432426325
reach,0.00019463940188456738,0.0003677890362088306,0.00017314963432426325
several,0.00010304438923300626,0.00027584177715662294,0.00017279738792361668
small,0.0005037725695835861,0.00033101013258794753,0.0001727624369956386
many,0.0007785576075382695,0.0006068519097445705,0.00017170569779369899
often,0.0007785576075382695,0.0006068519097445705,0.00017170569779369899
black,0.0009617476328413918,0.0007907464278489858,0.00017100120499240602
darling,0.00016029127214023197,0.00033101013258794753,0.00017071886044771556
round,0.0013281276834476363,0.0011585354640578165,0.00016959221938981977
uncle,0.0003091331676990188,0.0004781257470714798,0.000168992579372461
account,0.0003091331676990188,0.0004781257470714798,0.000168992579372461
entrance,0.00021753815504745768,0.00038617848801927217,0.0001686403329718145
enter,0.00021753815504745768,0.00038617848801927217,0.0001686403329718145
watched,0.00038927880376913475,0.00022067342172529838,0.00016860538204383638
old,0.0013395770600290813,0.0015079350484562056,0.00016835798842712428
watching,0.00012594314239589653,0.0002942312289670645,0.00016828808657116796
caused,3.4348129744335424e-05,0.00020228396991485683,0.0001679358401705214
thy,3.4348129744335424e-05,0.00020228396991485683,0.0001679358401705214
_he_,3.4348129744335424e-05,0.00020228396991485683,0.0001679358401705214
stare,3.4348129744335424e-05,0.00020228396991485683,0.0001679358401705214
ten,0.00042362693351347016,0.00025745232534618145,0.00016617460816728872
lady,0.0011220389049816238,0.0012872616267309072,0.0001652227217492834
men,0.0003663800506062445,0.00020228396991485683,0.00016409608069138765
chair,0.0007556588543753792,0.0009194725905220765,0.00016381373614669727
allow,0.00014884189555878683,0.00031262068077750604,0.0001637787852187192
breakfast,0.00045797506325780563,0.0002942312289670645,0.00016374383429074114
must,0.003492059857340768,0.003328490777689917,0.0001635690796508507
persuade,5.7246882907225704e-05,0.00022067342172529838,0.00016342653881807267
amuse,5.7246882907225704e-05,0.00022067342172529838,0.00016342653881807267
ride,5.7246882907225704e-05,0.00022067342172529838,0.00016342653881807267
recollect,5.7246882907225704e-05,0.00022067342172529838,0.00016342653881807267
fancy,0.00029768379111757366,0.00045973629526103825,0.0001620525041434646
expression,0.00029768379111757366,0.00045973629526103825,0.0001620525041434646
wait,0.00029768379111757366,0.00045973629526103825,0.0001620525041434646
stand,0.00029768379111757366,0.00045973629526103825,0.0001620525041434646
afterwards,0.00029768379111757366,0.00045973629526103825,0.0001620525041434646
case,0.0004007281803505799,0.0002390628735357399,0.00016166530681484
stop,0.00011449376581445141,0.00027584177715662294,0.00016134801134217152
sprang,0.00011449376581445141,0.00027584177715662294,0.00016134801134217152
ready,0.00035493067402479934,0.0005149046506923629,0.00015997397666756355
pretty,0.00026333566137323825,0.0004229573916401552,0.00015962173026691696
dying,0.0001717406487216771,0.00033101013258794753,0.00015926948386627042
pray,8.014563607011598e-05,0.0002390628735357399,0.00015891723746562392
begin,8.014563607011598e-05,0.0002390628735357399,0.00015891723746562392
pushed,8.014563607011598e-05,0.0002390628735357399,0.00015891723746562392
breath,0.00022898753162890281,0.00038617848801927217,0.00015719095639036936
mouth,0.00022898753162890281,0.00038617848801927217,0.00015719095639036936
quick,0.0001373925189773417,0.0002942312289670645,0.0001568387099897228
beneath,0.0001373925189773417,0.0002942312289670645,0.0001568387099897228
aloud,0.0001373925189773417,0.0002942312289670645,0.0001568387099897228
towards,0.000652614465142373,0.0008091358796594273,0.00015652141451705432
latch,4.579750632578056e-05,0.00020228396991485683,0.00015648646358907626
constant,4.579750632578056e-05,0.00020228396991485683,0.00015648646358907626
asked,0.0017746533701239967,0.0019308924400963606,0.00015623906997236391
sense,0.000652614465142373,0.0004965151988819213,0.00015609926626045166
water,0.000652614465142373,0.0004965151988819213,0.00015609926626045166
tears,0.0003778294271876896,0.0005332941025028044,0.00015546467531511482
desire,0.0002862344145361285,0.00044134684345059676,0.00015511242891446823
aspect,0.00019463940188456738,0.0003493995843983891,0.0001547601825138217
forgive,0.00019463940188456738,0.0003493995843983891,0.0001547601825138217
speaking,0.00041217755693202503,0.00025745232534618145,0.00015472523158584358
determined,0.00010304438923300626,0.00025745232534618145,0.0001544079361131752
slight,0.00010304438923300626,0.00025745232534618145,0.0001544079361131752
pass,0.0005037725695835861,0.0003493995843983891,0.00015437298518519705
place,0.00122508329421463,0.0013792088857831149,0.00015412559156848492
head,0.001557115215076539,0.0017102190183710623,0.00015310380329452327
winter,0.00025188628479179306,0.00040456793982971366,0.0001526816550379206
expected,0.0004465256866763605,0.0002942312289670645,0.000152294457709296
continue,6.869625948867085e-05,0.00022067342172529838,0.00015197716223662753
altogether,6.869625948867085e-05,0.00022067342172529838,0.00015197716223662753
curate,6.869625948867085e-05,0.00022067342172529838,0.00015197716223662753
knife,6.869625948867085e-05,0.00022067342172529838,0.00015197716223662753
visits,6.869625948867085e-05,0.00022067342172529838,0.00015197716223662753
cannot,0.0015113177087507585,0.0013608194339726732,0.00015049827477808526
suffer,0.00021753815504745768,0.0003677890362088306,0.00015025088116137295
listen,0.00038927880376913475,0.0002390628735357399,0.00015021593023339485
hated,0.00012594314239589653,0.00027584177715662294,0.0001498986347607264
nonsense,0.00012594314239589653,0.00027584177715662294,0.0001498986347607264
repeat,0.00018319002530312224,0.00033101013258794753,0.0001478201072848253
possible,0.00018319002530312224,0.00033101013258794753,0.0001478201072848253
filled,0.00042362693351347016,0.00027584177715662294,0.00014778515635684722
soft,0.00042362693351347016,0.00027584177715662294,0.00014778515635684722
ought,0.00042362693351347016,0.00027584177715662294,0.00014778515635684722
spare,9.159501265156112e-05,0.0002390628735357399,0.00014746786088417878
second,0.0005152219461650314,0.0003677890362088306,0.00014743290995620074
chapter,0.0005152219461650314,0.0006620202651758951,0.0001467983190108637
speak,0.0009388488796785015,0.0010849776568160503,0.0001461287771375488
creature,0.00024043690821034795,0.00038617848801927217,0.00014574157980892422
rise,0.0003663800506062445,0.00022067342172529838,0.0001457066288809461
ears,0.00014884189555878683,0.0002942312289670645,0.00014538933340827766
threw,0.00014884189555878683,0.0002942312289670645,0.00014538933340827766
wind,0.0005495700759093668,0.00040456793982971366,0.0001450021360796531
rain,0.0004007281803505799,0.00025745232534618145,0.00014327585500439844
dream,0.0004007281803505799,0.00025745232534618145,0.00014327585500439844
beheld,0.00011449376581445141,0.00025745232534618145,0.00014295855953173003
avoid,0.00011449376581445141,0.00025745232534618145,0.00014295855953173003
anguish,0.00011449376581445141,0.00025745232534618145,0.00014295855953173003
drink,0.00011449376581445141,0.00025745232534618145,0.00014295855953173003
help,0.0004465256866763605,0.000588462457934129,0.00014193677125776848
early,0.00026333566137323825,0.00040456793982971366,0.0001412322784564754
broke,0.0003434812974433542,0.00020228396991485683,0.00014119732752849738
conversation,0.00043507631009491536,0.0002942312289670645,0.00014084508112785087
catch,8.014563607011598e-05,0.00022067342172529838,0.0001405277856551824
revealed,8.014563607011598e-05,0.00022067342172529838,0.0001405277856551824
anger,8.014563607011598e-05,0.00022067342172529838,0.0001405277856551824
perfectly,8.014563607011598e-05,0.00022067342172529838,0.0001405277856551824
wept,8.014563607011598e-05,0.00022067342172529838,0.0001405277856551824
arms,0.0006182663353980376,0.0004781257470714798,0.0001401405883265578
living,0.00041217755693202503,0.0005516835543132459,0.00013950599738122085
country,0.00022898753162890281,0.0003677890362088306,0.0001388015045799278
aid,0.0003778294271876896,0.0002390628735357399,0.00013876655365194972
miserable,0.0001373925189773417,0.00027584177715662294,0.00013844925817928125
seven,0.0001373925189773417,0.00027584177715662294,0.00013844925817928125
behind,0.000652614465142373,0.0005149046506923629,0.0001377098144500101
reached,0.0002862344145361285,0.0004229573916401552,0.0001367229771040267
exactly,0.00010304438923300626,0.0002390628735357399,0.00013601848430273364
ordered,0.00010304438923300626,0.0002390628735357399,0.00013601848430273364
sufficient,0.00010304438923300626,0.0002390628735357399,0.00013601848430273364
milk,0.00010304438923300626,0.0002390628735357399,0.00013601848430273364
less,0.0005266713227464765,0.0006620202651758951,0.00013534894242941855
use,0.00025188628479179306,0.00038617848801927217,0.0001342922032274791
forehead,0.00035493067402479934,0.00022067342172529838,0.00013425725229950097
lying,6.869625948867085e-05,0.00020228396991485683,0.00013358771042618599
call,0.000492323193002141,0.0006252413615550121,0.00013291816855287109
afraid,0.0004007281803505799,0.0005332941025028044,0.00013256592215222455
hills,0.00021753815504745768,0.0003493995843983891,0.0001318614293509314
journey,0.00021753815504745768,0.0003493995843983891,0.0001318614293509314
trying,0.00012594314239589653,0.00025745232534618145,0.00013150918295028492
outside,0.00012594314239589653,0.00025745232534618145,0.00013150918295028492
desired,0.00012594314239589653,0.00025745232534618145,0.00013150918295028492
quit,0.00012594314239589653,0.00025745232534618145,0.00013150918295028492
tone,0.0004808738164206959,0.0003493995843983891,0.00013147423202230683
days,0.0007556588543753792,0.0006252413615550121,0.00013041749282036717
usual,0.00042362693351347016,0.0002942312289670645,0.00012939570454640568
eagerly,9.159501265156112e-05,0.00022067342172529838,0.00012907840907373726
cheeks,9.159501265156112e-05,0.00022067342172529838,0.00012907840907373726
sweet,0.0005152219461650314,0.00038617848801927217,0.0001290434581457592
tea,0.00042362693351347016,0.0005516835543132459,0.00012805662079977572
aware,0.00024043690821034795,0.0003677890362088306,0.00012735212799848267
rich,0.0003663800506062445,0.0002390628735357399,0.00012731717707050458
sun,0.0003663800506062445,0.0002390628735357399,0.00012731717707050458
meet,0.0003663800506062445,0.0002390628735357399,0.00012731717707050458
instant,0.00014884189555878683,0.00027584177715662294,0.0001269998815978361
body,0.00014884189555878683,0.00027584177715662294,0.0001269998815978361
tried,0.00029768379111757366,0.0004229573916401552,0.00012527360052258155
fair,0.0004007281803505799,0.00027584177715662294,0.00012488640319395695
forth,0.00011449376581445141,0.0002390628735357399,0.00012456910772128848
meeting,0.00011449376581445141,0.0002390628735357399,0.00012456910772128848
stones,0.00011449376581445141,0.0002390628735357399,0.00012456910772128848
anxious,0.00011449376581445141,0.0002390628735357399,0.00012456910772128848
beyond,0.000492323193002141,0.0003677890362088306,0.00012453415679331036
mean,0.0005839182056537022,0.00045973629526103825,0.00012418191039266393
seen,0.0008587032436083856,0.0007355780724176612,0.00012312517119072433
along,0.0003434812974433542,0.00022067342172529838,0.00012280787571805583
started,0.0001717406487216771,0.0002942312289670645,0.00012249058024538738
nothing,0.0019005965125198933,0.0020228396991485683,0.00012224318662867493
ignorance,8.014563607011598e-05,0.00020228396991485683,0.00012213833384474085
violent,8.014563607011598e-05,0.00020228396991485683,0.00012213833384474085
guide,8.014563607011598e-05,0.00020228396991485683,0.00012213833384474085
obliged,0.00022898753162890281,0.0003493995843983891,0.00012041205276948626
chance,0.00022898753162890281,0.0003493995843983891,0.00012041205276948626
pleasant,0.0003778294271876896,0.00025745232534618145,0.00012037710184150817
terror,0.0001373925189773417,0.00025745232534618145,0.00012005980636883975
evil,0.0001373925189773417,0.00025745232534618145,0.00012005980636883975
kept,0.0005610194524908119,0.0006804097169863366,0.00011939026449552469
end,0.000652614465142373,0.0005332941025028044,0.00011932036263956856
whether,0.000893051373352721,0.0010114198495742841,0.00011836847622156315
stayed,0.00019463940188456738,0.00031262068077750604,0.00011798127889293866
anybody,0.00010304438923300626,0.00022067342172529838,0.00011762903249229212
knees,0.00010304438923300626,0.00022067342172529838,0.00011762903249229212
agony,0.00010304438923300626,0.00022067342172529838,0.00011762903249229212
received,0.0005037725695835861,0.00038617848801927217,0.00011759408156431395
dead,0.0006182663353980376,0.0007355780724176612,0.00011731173701962365
close,0.0005953675822351473,0.0004781257470714798,0.00011724183516366752
trouble,0.00043507631009491536,0.0005516835543132459,0.00011660724421833053
months,0.0003434812974433542,0.00045973629526103825,0.00011625499781768404
immediately,0.00025188628479179306,0.0003677890362088306,0.00011590275141703756
mad,0.00025188628479179306,0.0003677890362088306,0.00011590275141703756
money,0.00035493067402479934,0.0002390628735357399,0.00011586780048905944
occasion,0.00016029127214023197,0.00027584177715662294,0.00011555050501639097
meant,0.00016029127214023197,0.00027584177715662294,0.00011555050501639097
cheerful,0.00016029127214023197,0.00027584177715662294,0.00011555050501639097
front,0.0004465256866763605,0.00033101013258794753,0.00011551555408841296
short,0.0005381206993279216,0.0004229573916401552,0.00011516330768776643
husband,0.0004007281803505799,0.0005149046506923629,0.000114176470341783
earth,0.0003091331676990188,0.0004229573916401552,0.00011382422394113641
single,0.00021753815504745768,0.00033101013258794753,0.00011347197754048985
earnest,0.00012594314239589653,0.0002390628735357399,0.00011311973113984337
person,0.0005495700759093668,0.0006620202651758951,0.00011245018926652828
part,0.0006640638417238181,0.0005516835543132459,0.00011238028741057226
demanded,0.0002747850379546834,0.00038617848801927217,0.00011139345006458878
understand,0.00033203192086190907,0.00022067342172529838,0.00011135849913661069
twice,0.00018319002530312224,0.0002942312289670645,0.00011104120366394225
rapidly,9.159501265156112e-05,0.00020228396991485683,0.00011068895726329571
inclined,9.159501265156112e-05,0.00020228396991485683,0.00011068895726329571
pillow,9.159501265156112e-05,0.00020228396991485683,0.00011068895726329571
hours,0.00042362693351347016,0.0005332941025028044,0.00010966716898933428
sorrow,0.00014884189555878683,0.00025745232534618145,0.00010861042978739462
cruel,0.00014884189555878683,0.00025745232534618145,0.00010861042978739462
weather,0.00014884189555878683,0.00025745232534618145,0.00010861042978739462
twenty,0.00038927880376913475,0.0004965151988819213,0.00010723639511278659
means,0.00029768379111757366,0.00040456793982971366,0.00010688414871214
kindness,0.00020608877846601251,0.00031262068077750604,0.00010653190231149352
changed,0.00020608877846601251,0.00031262068077750604,0.00010653190231149352
bent,0.0004007281803505799,0.0002942312289670645,0.0001064969513835154
ear,0.0004007281803505799,0.0002942312289670645,0.0001064969513835154
state,0.0004007281803505799,0.0002942312289670645,0.0001064969513835154
shoulders,0.00011449376581445141,0.00022067342172529838,0.00010617965591084697
family,0.0004465256866763605,0.0005516835543132459,0.00010515786763688539
hope,0.0008587032436083856,0.0007539675242281028,0.00010473571938028278
thing,0.0008701526201898307,0.0009746409459534011,0.00010448832576357044
years,0.0009502982562599467,0.0008459147832803104,0.00010438347297963624
brought,0.0007785576075382695,0.0008826936869011935,0.00010413607936292401
murmured,0.0001717406487216771,0.00027584177715662294,0.00010410112843494584
happy,0.0006182663353980376,0.0005149046506923629,0.0001033616847056747
held,0.0005037725695835861,0.0006068519097445705,0.0001030793401609844
roof,0.00022898753162890281,0.00033101013258794753,0.00010202260095904471
approached,0.0003778294271876896,0.00027584177715662294,0.00010198765003106668
suddenly,0.0003778294271876896,0.00027584177715662294,0.00010198765003106668
deal,0.0003778294271876896,0.00027584177715662294,0.00010198765003106668
present,0.0007442094777939341,0.0008459147832803104,0.00010170530548637632
reflection,0.0001373925189773417,0.0002390628735357399,0.0001016703545583982
charge,0.0001373925189773417,0.0002390628735357399,0.0001016703545583982
glance,0.00046942443983925077,0.0003677890362088306,0.00010163540363042014
soul,0.00046942443983925077,0.0005700730061236874,0.00010064856628443666
either,0.0007442094777939341,0.0006436308133654536,0.00010057866442848048
heaven,0.0003778294271876896,0.0004781257470714798,0.00010029631988379018
attempt,0.00019463940188456738,0.0002942312289670645,9.959182708249711e-05
bare,0.00010304438923300626,0.00020228396991485683,9.923958068185058e-05
die,0.00043507631009491536,0.0005332941025028044,9.821779240788909e-05
read,0.0007785576075382695,0.0006804097169863366,9.81478905519329e-05
subject,0.0003434812974433542,0.00044134684345059676,9.786554600724255e-05
fixed,0.00025188628479179306,0.0003493995843983891,9.751329960659602e-05
word,0.0009617476328413918,0.000864304235090752,9.744339775063983e-05
sunshine,0.00016029127214023197,0.00025745232534618145,9.716105320594948e-05
aside,0.00016029127214023197,0.00025745232534618145,9.716105320594948e-05
write,0.00016029127214023197,0.00025745232534618145,9.716105320594948e-05
thrust,0.00016029127214023197,0.00025745232534618145,9.716105320594948e-05
horror,0.00012594314239589653,0.00022067342172529838,9.473027932940185e-05
excuse,0.00012594314239589653,0.00022067342172529838,9.473027932940185e-05
discover,0.00012594314239589653,0.00022067342172529838,9.473027932940185e-05
grow,0.00012594314239589653,0.00022067342172529838,9.473027932940185e-05
buried,0.00012594314239589653,0.00022067342172529838,9.473027932940185e-05
consent,0.00012594314239589653,0.00022067342172529838,9.473027932940185e-05
strike,0.00012594314239589653,0.00022067342172529838,9.473027932940185e-05
idea,0.000572468829072257,0.0004781257470714798,9.434308200077725e-05
rest,0.0007556588543753792,0.0006620202651758951,9.363858919948418e-05
sick,0.0002747850379546834,0.0003677890362088306,9.300399825414724e-05
wrong,0.0002747850379546834,0.0003677890362088306,9.300399825414724e-05
died,0.0002747850379546834,0.0003677890362088306,9.300399825414724e-05
proceeded,0.00033203192086190907,0.0002390628735357399,9.296904732616917e-05
twelve,0.00018319002530312224,0.00027584177715662294,9.26517518535007e-05
endure,0.00018319002530312224,0.00027584177715662294,9.26517518535007e-05
grief,0.00018319002530312224,0.00027584177715662294,9.26517518535007e-05
sleep,0.00042362693351347016,0.0005149046506923629,9.127771717889273e-05
apartment,0.00024043690821034795,0.00033101013258794753,9.057322437759958e-05
fall,0.00024043690821034795,0.00033101013258794753,9.057322437759958e-05
scene,0.0003663800506062445,0.00027584177715662294,9.053827344962154e-05
following,0.00014884189555878683,0.0002390628735357399,9.022097797695307e-05
lip,0.00014884189555878683,0.0002390628735357399,9.022097797695307e-05
within,0.0006411650885609279,0.0005516835543132459,8.948153424768199e-05
matter,0.0004808738164206959,0.0005700730061236874,8.919918970299153e-05
laugh,0.00038927880376913475,0.0004781257470714798,8.884694330234505e-05
least,0.0008243551138640501,0.0007355780724176612,8.877704144638881e-05
passing,0.0003091331676990188,0.00022067342172529838,8.845974597372042e-05
trembling,0.00011449376581445141,0.00020228396991485683,8.779020410040542e-05
beg,0.00011449376581445141,0.00020228396991485683,8.779020410040542e-05
consequence,0.00011449376581445141,0.00020228396991485683,8.779020410040542e-05
imagined,0.00011449376581445141,0.00020228396991485683,8.779020410040542e-05
kind,0.0006297157119794827,0.0007171886206072197,8.747290862773697e-05
wanted,0.0005839182056537022,0.0004965151988819213,8.740300677178084e-05
evening,0.001053342645492953,0.0011401460122473749,8.680336675442185e-05
try,0.00035493067402479934,0.00044134684345059676,8.641616942579741e-05
mine,0.0008701526201898307,0.0009562514941429596,8.609887395312889e-05
caught,0.00026333566137323825,0.0003493995843983891,8.606392302515082e-05
removed,0.00026333566137323825,0.0003493995843983891,8.606392302515082e-05
existence,0.00043507631009491536,0.0003493995843983891,8.567672569652628e-05
see,0.003114230430153078,0.0031997646150168264,8.55341848637484e-05
glad,0.0005037725695835861,0.000588462457934129,8.468988835054285e-05
opened,0.0007098613480495987,0.0006252413615550121,8.461998649458662e-05
four,0.00041217755693202503,0.0004965151988819213,8.433764194989632e-05
considered,0.0002862344145361285,0.00020228396991485683,8.395044462127169e-05
world,0.000893051373352721,0.0008091358796594273,8.391549369329366e-05
appearance,0.00022898753162890281,0.00031262068077750604,8.363314914860322e-05
age,0.0003778294271876896,0.0002942312289670645,8.359819822062513e-05
answer,0.000984646386004282,0.000901083138711635,8.356324729264701e-05
reflected,0.0001373925189773417,0.00022067342172529838,8.328090274795669e-05
change,0.00046942443983925077,0.00038617848801927217,8.32459518199786e-05
five,0.00046942443983925077,0.00038617848801927217,8.32459518199786e-05
away,0.0016830583574724356,0.0015998823075084132,8.317604996402241e-05
neither,0.000652614465142373,0.0007355780724176612,8.296360727528824e-05
really,0.00046942443983925077,0.0005516835543132459,8.225911447399512e-05
walked,0.0003778294271876896,0.00045973629526103825,8.190686807334863e-05
library,0.0002862344145361285,0.0003677890362088306,8.15546216727021e-05
six,0.0002862344145361285,0.0003677890362088306,8.15546216727021e-05
beautiful,0.00032058254428046393,0.0002390628735357399,8.151967074472403e-05
surprise,0.00019463940188456738,0.00027584177715662294,8.120237527205556e-05
distance,0.00041217755693202503,0.00033101013258794753,8.11674243440775e-05
fast,0.0005037725695835861,0.0004229573916401552,8.081517794343091e-05
spoke,0.0005266713227464765,0.0006068519097445705,8.018058699809402e-05
please,0.00043507631009491536,0.0005149046506923629,7.982834059744754e-05
hair,0.0007785576075382695,0.0006987991687967782,7.975843874149136e-05
object,0.00025188628479179306,0.00033101013258794753,7.912384779615447e-05
foot,0.00035493067402479934,0.00027584177715662294,7.90888968681764e-05
frequently,0.00016029127214023197,0.0002390628735357399,7.877160139550793e-05
intention,0.00016029127214023197,0.0002390628735357399,7.877160139550793e-05
dry,0.00016029127214023197,0.0002390628735357399,7.877160139550793e-05
children,0.000492323193002141,0.0005700730061236874,7.774981312154644e-05
parlour,0.0003091331676990188,0.00038617848801927217,7.704532032025337e-05
asleep,0.00021753815504745768,0.0002942312289670645,7.669307391960681e-05
supposed,0.00012594314239589653,0.00020228396991485683,7.63408275189603e-05
opposite,0.00012594314239589653,0.00020228396991485683,7.63408275189603e-05
suppose,0.0007556588543753792,0.0006804097169863366,7.524913738904263e-05
wall,0.0003663800506062445,0.00044134684345059676,7.496679284435228e-05
warm,0.0002747850379546834,0.0003493995843983891,7.461454644370569e-05
saying,0.00033203192086190907,0.00025745232534618145,7.457959551572762e-05
therefore,0.00018319002530312224,0.00025745232534618145,7.42623000430592e-05
beginning,0.00018319002530312224,0.00025745232534618145,7.42623000430592e-05
hastened,0.00018319002530312224,0.00025745232534618145,7.42623000430592e-05
features,0.0005152219461650314,0.00044134684345059676,7.387510271443461e-05
love,0.0017288558637982162,0.0016550506629397378,7.380520085847843e-05
generally,0.00024043690821034795,0.00031262068077750604,7.218377256715808e-05
follow,0.00024043690821034795,0.00031262068077750604,7.218377256715808e-05
gaze,0.00024043690821034795,0.00031262068077750604,7.218377256715808e-05
certainly,0.0003663800506062445,0.0002942312289670645,7.214882163918e-05
keeping,0.00014884189555878683,0.00022067342172529838,7.183152616651155e-05
quitted,0.00014884189555878683,0.00022067342172529838,7.183152616651155e-05
deep,0.0005495700759093668,0.0004781257470714798,7.144432883788698e-05
ask,0.000732760101212489,0.0006620202651758951,7.07398360365939e-05
miles,0.0003091331676990188,0.0002390628735357399,7.00702941632789e-05
touched,0.00020608877846601251,0.00027584177715662294,6.975299869061043e-05
key,0.00020608877846601251,0.00027584177715662294,6.975299869061043e-05
shame,0.00020608877846601251,0.00027584177715662294,6.975299869061043e-05
peace,0.00020608877846601251,0.00027584177715662294,6.975299869061043e-05
putting,0.00020608877846601251,0.00027584177715662294,6.975299869061043e-05
hearing,0.00020608877846601251,0.00027584177715662294,6.975299869061043e-05
remember,0.0005839182056537022,0.0005149046506923629,6.901355496133929e-05
hard,0.0005839182056537022,0.0005149046506923629,6.901355496133929e-05
ran,0.0005381206993279216,0.0006068519097445705,6.873121041664888e-05
sitting,0.0004465256866763605,0.0005149046506923629,6.83789640160024e-05
lost,0.00035493067402479934,0.0004229573916401552,6.802671761535587e-05
pity,0.00035493067402479934,0.0004229573916401552,6.802671761535587e-05
shook,0.0003434812974433542,0.00027584177715662294,6.763952028673127e-05
perceived,0.0001717406487216771,0.0002390628735357399,6.73222248140628e-05
comes,0.0001717406487216771,0.0002390628735357399,6.73222248140628e-05
trees,0.00043507631009491536,0.0003677890362088306,6.728727388608473e-05
book,0.0006182663353980376,0.0005516835543132459,6.658278108479172e-05
drew,0.0005037725695835861,0.0005700730061236874,6.630043654010131e-05
half,0.0015342164619136487,0.0015998823075084132,6.566584559476447e-05
thank,0.0002862344145361285,0.00022067342172529838,6.556099281083015e-05
evidently,0.00022898753162890281,0.0002942312289670645,6.524369733816167e-05
spring,0.00022898753162890281,0.0002942312289670645,6.524369733816167e-05
pardon,0.0001373925189773417,0.00020228396991485683,6.489145093751514e-05
mother,0.000652614465142373,0.0007171886206072197,6.45741554648467e-05
longer,0.0005610194524908119,0.0004965151988819213,6.450425360889057e-05
led,0.00032058254428046393,0.00025745232534618145,6.313021893428249e-05
clothes,0.00019463940188456738,0.00025745232534618145,6.281292346161407e-05
ease,0.00019463940188456738,0.00025745232534618145,6.281292346161407e-05
windows,0.00019463940188456738,0.00025745232534618145,6.281292346161407e-05
handsome,0.00041217755693202503,0.0003493995843983891,6.277797253363595e-05
seek,0.00043507631009491536,0.0004965151988819213,6.143888878700599e-05
believe,0.0007785576075382695,0.0007171886206072197,6.136898693104981e-05
last,0.0019921915251714544,0.0019308924400963606,6.129908507509379e-05
finished,0.00026333566137323825,0.00020228396991485683,6.105169145838142e-05
leaving,0.00025188628479179306,0.00031262068077750604,6.0734395985712975e-05
top,0.00025188628479179306,0.00031262068077750604,6.0734395985712975e-05
faces,0.00016029127214023197,0.00022067342172529838,6.038214958506641e-05
merely,0.00016029127214023197,0.00022067342172529838,6.038214958506641e-05
descended,0.00016029127214023197,0.00022067342172529838,6.038214958506641e-05
past,0.0004465256866763605,0.00038617848801927217,6.034719865708832e-05
fellow,0.0003091331676990188,0.0003677890362088306,5.8655868509811825e-05
gave,0.0009045007499341661,0.0008459147832803104,5.85859666538557e-05
better,0.0014311720726806426,0.001489545596645764,5.837352396512131e-05
secret,0.00021753815504745768,0.00027584177715662294,5.830362210916526e-05
expect,0.00021753815504745768,0.00027584177715662294,5.830362210916526e-05
pocket,0.00021753815504745768,0.00027584177715662294,5.830362210916526e-05
want,0.0009960957625857272,0.000937862042332518,5.823372025320916e-05
silent,0.0004808738164206959,0.0004229573916401552,5.791642478054069e-05
grave,0.0003663800506062445,0.0004229573916401552,5.657734103391073e-05
cross,0.0002747850379546834,0.00033101013258794753,5.622509463326414e-05
fond,0.00018319002530312224,0.0002390628735357399,5.587284823261766e-05
pursued,0.00018319002530312224,0.0002390628735357399,5.587284823261766e-05
ordinary,0.00018319002530312224,0.0002390628735357399,5.587284823261766e-05
promise,0.00033203192086190907,0.00038617848801927217,5.41465671573631e-05
instantly,0.0002747850379546834,0.00022067342172529838,5.411161622938501e-05
impossible,0.0002747850379546834,0.00022067342172529838,5.411161622938501e-05
retired,0.00014884189555878683,0.00020228396991485683,5.344207435607e-05
lord,0.00014884189555878683,0.00020228396991485683,5.344207435607e-05
meal,0.00014884189555878683,0.00020228396991485683,5.344207435607e-05
laid,0.0005495700759093668,0.0004965151988819213,5.305487702744543e-05
clock,0.0005495700759093668,0.0004965151988819213,5.305487702744543e-05
side,0.0009960957625857272,0.0010481987531951672,5.2102990609440014e-05
taking,0.00038927880376913475,0.00044134684345059676,5.2068039681462004e-05
cut,0.00029768379111757366,0.0003493995843983891,5.1715793280815415e-05
affection,0.0003091331676990188,0.00025745232534618145,5.168084235283735e-05
steps,0.0003091331676990188,0.00025745232534618145,5.168084235283735e-05
presently,0.0004007281803505799,0.0003493995843983891,5.1328595952190815e-05
shut,0.0005381206993279216,0.000588462457934129,5.0341758606207336e-05
manner,0.0004465256866763605,0.0004965151988819213,4.9989512205560855e-05
forgotten,0.00025188628479179306,0.00020228396991485683,4.960231487693623e-05
forced,0.00025188628479179306,0.00020228396991485683,4.960231487693623e-05
expressed,0.00025188628479179306,0.00020228396991485683,4.960231487693623e-05
discovered,0.00026333566137323825,0.00031262068077750604,4.9285019404267784e-05
broken,0.0003434812974433542,0.0002942312289670645,4.925006847628972e-05
hundred,0.0001717406487216771,0.00022067342172529838,4.8932773003621276e-05
locked,0.0001717406487216771,0.00022067342172529838,4.8932773003621276e-05
accompany,0.0001717406487216771,0.00022067342172529838,4.8932773003621276e-05
fetch,0.0002862344145361285,0.0002390628735357399,4.7171541000388625e-05
shoulder,0.0002862344145361285,0.0002390628735357399,4.7171541000388625e-05
reading,0.00022898753162890281,0.00027584177715662294,4.6854245527720126e-05
carried,0.00022898753162890281,0.00027584177715662294,4.6854245527720126e-05
interest,0.0003778294271876896,0.00033101013258794753,4.681929459974209e-05
watch,0.0003778294271876896,0.00033101013258794753,4.681929459974209e-05
things,0.0007442094777939341,0.0006987991687967782,4.541030899715595e-05
sister,0.0003778294271876896,0.0004229573916401552,4.5127964452465594e-05
touch,0.0002862344145361285,0.00033101013258794753,4.4775718051819004e-05
bitter,0.0002862344145361285,0.00033101013258794753,4.4775718051819004e-05
spent,0.00019463940188456738,0.0002390628735357399,4.442347165117252e-05
sudden,0.00019463940188456738,0.0002390628735357399,4.442347165117252e-05
probably,0.00043507631009491536,0.0004781257470714798,4.3049436976564444e-05
fire,0.001385374566354862,0.0013424299821622318,4.294458419263031e-05
looks,0.00025188628479179306,0.0002942312289670645,4.234494417527143e-05
hung,0.00016029127214023197,0.00020228396991485683,4.1992697774624865e-05
three,0.001053342645492953,0.0010114198495742841,4.192279591866887e-05
fell,0.0006297157119794827,0.000588462457934129,4.125325404535376e-05
mind,0.0014197226960991974,0.0013792088857831149,4.051381031608251e-05
year,0.00029768379111757366,0.00025745232534618145,4.0231465771392214e-05
spirits,0.00021753815504745768,0.00025745232534618145,3.991417029872377e-05
obeyed,0.00021753815504745768,0.00025745232534618145,3.991417029872377e-05
piece,0.00021753815504745768,0.00025745232534618145,3.991417029872377e-05
people,0.000732760101212489,0.0007723569760385443,3.959687482605538e-05
look,0.0017632039935425517,0.00180216627742327,3.896228388071822e-05
stranger,0.0003663800506062445,0.00040456793982971366,3.818788922346918e-05
pride,0.0002747850379546834,0.00031262068077750604,3.783564282282265e-05
lifted,0.00033203192086190907,0.0002942312289670645,3.7800691894844583e-05
stir,0.00018319002530312224,0.00022067342172529838,3.748339642217614e-05
fact,0.00018319002530312224,0.00022067342172529838,3.748339642217614e-05
fastened,0.00018319002530312224,0.00022067342172529838,3.748339642217614e-05
used,0.0005152219461650314,0.0005516835543132459,3.6461608148214515e-05
need,0.00042362693351347016,0.00045973629526103825,3.610936174756809e-05
tired,0.00033203192086190907,0.0003677890362088306,3.575711534692155e-05
forward,0.00033203192086190907,0.0003677890362088306,3.575711534692155e-05
likely,0.0002747850379546834,0.0002390628735357399,3.572216441894349e-05
kiss,0.0002747850379546834,0.0002390628735357399,3.572216441894349e-05
seem,0.0002747850379546834,0.0002390628735357399,3.572216441894349e-05
draw,0.0002747850379546834,0.0002390628735357399,3.572216441894349e-05
getting,0.00024043690821034795,0.00027584177715662294,3.540486894627499e-05
right,0.0009731970094228369,0.000937862042332518,3.533496709031889e-05
business,0.00045797506325780563,0.0004229573916401552,3.501767161765042e-05
anything,0.0006640638417238181,0.0006987991687967782,3.473532707296001e-05
candle,0.0005495700759093668,0.0005149046506923629,3.466542521700388e-05
presence,0.0004808738164206959,0.0005149046506923629,3.403083427166699e-05
moor,0.00029768379111757366,0.00033101013258794753,3.332634147037387e-05
showed,0.0003091331676990188,0.00027584177715662294,3.329139054239586e-05
offered,0.0003091331676990188,0.00027584177715662294,3.329139054239586e-05
frame,0.0003091331676990188,0.00027584177715662294,3.329139054239586e-05
never,0.0033432179617819808,0.0033101013258794755,3.311663590250527e-05
dreary,0.00020608877846601251,0.0002390628735357399,3.2974095069727386e-05
heath,0.00020608877846601251,0.0002390628735357399,3.2974095069727386e-05
feet,0.000492323193002141,0.00045973629526103825,3.258689774110273e-05
came,0.0019807421485900094,0.0019492818919068023,3.1460256683207106e-05
courage,0.00025188628479179306,0.00022067342172529838,3.121286306649468e-05
wide,0.00025188628479179306,0.00022067342172529838,3.121286306649468e-05
listened,0.00026333566137323825,0.0002942312289670645,3.0895567593826237e-05
comfort,0.00026333566137323825,0.0002942312289670645,3.0895567593826237e-05
able,0.00026333566137323825,0.0002942312289670645,3.0895567593826237e-05
dared,0.0003434812974433542,0.00031262068077750604,3.086061666584817e-05
true,0.00043507631009491536,0.00040456793982971366,3.050837026520169e-05
went,0.0016487102277281001,0.0016182717593188547,3.0438468409245455e-05
scarcely,0.0005037725695835861,0.0005332941025028044,2.952153291921832e-05
wonder,0.00041217755693202503,0.00044134684345059676,2.916928651857173e-05
table,0.0008014563607011598,0.0007723569760385443,2.909938466261544e-05
rather,0.0014082733195177524,0.0013792088857831149,2.9064433734637485e-05
tale,0.0002862344145361285,0.00025745232534618145,2.8782089189947077e-05
resumed,0.00022898753162890281,0.00025745232534618145,2.8464793717278633e-05
break,0.00022898753162890281,0.00025745232534618145,2.8464793717278633e-05
supper,0.00022898753162890281,0.00025745232534618145,2.8464793717278633e-05
red,0.0003778294271876896,0.0003493995843983891,2.8429842789300542e-05
return,0.0007442094777939341,0.0007723569760385443,2.8147498244610243e-05
duty,0.00022898753162890281,0.00020228396991485683,2.6703561714045982e-05
daughter,0.0002862344145361285,0.00031262068077750604,2.638626624137751e-05
passion,0.0002862344145361285,0.00031262068077750604,2.638626624137751e-05
act,0.0002862344145361285,0.00031262068077750604,2.638626624137751e-05
moved,0.0002862344145361285,0.00031262068077750604,2.638626624137751e-05
noticed,0.00019463940188456738,0.00022067342172529838,2.6034019840731002e-05
teach,0.00019463940188456738,0.00022067342172529838,2.6034019840731002e-05
explain,0.00019463940188456738,0.00022067342172529838,2.6034019840731002e-05
safe,0.00019463940188456738,0.00022067342172529838,2.6034019840731002e-05
news,0.00019463940188456738,0.00022067342172529838,2.6034019840731002e-05
dinner,0.00041217755693202503,0.00038617848801927217,2.5999068912752857e-05
ground,0.0003434812974433542,0.0003677890362088306,2.4307738765476416e-05
waiting,0.00026333566137323825,0.0002390628735357399,2.427278783749835e-05
loved,0.0004007281803505799,0.0004229573916401552,2.222921128957532e-05
stone,0.00029768379111757366,0.00027584177715662294,2.184201396095072e-05
weeks,0.00029768379111757366,0.00027584177715662294,2.184201396095072e-05
society,0.00029768379111757366,0.00027584177715662294,2.184201396095072e-05
move,0.00021753815504745768,0.0002390628735357399,2.1524718488282222e-05
noise,0.00021753815504745768,0.0002390628735357399,2.1524718488282222e-05
kissed,0.00021753815504745768,0.0002390628735357399,2.1524718488282222e-05
learn,0.00021753815504745768,0.0002390628735357399,2.1524718488282222e-05
middle,0.00021753815504745768,0.0002390628735357399,2.1524718488282222e-05
always,0.0009960957625857272,0.0009746409459534011,2.1454816632326067e-05
common,0.00024043690821034795,0.00022067342172529838,1.976348648504957e-05
knows,0.00024043690821034795,0.00022067342172529838,1.976348648504957e-05
standing,0.0002747850379546834,0.0002942312289670645,1.94461910123811e-05
gathered,0.0002747850379546834,0.0002942312289670645,1.94461910123811e-05
dare,0.00033203192086190907,0.00031262068077750604,1.9411240084403036e-05
memory,0.00018319002530312224,0.00020228396991485683,1.909394461173459e-05
seat,0.0005152219461650314,0.0005332941025028044,1.8072156337773076e-05
lay,0.0007900069841197146,0.0007723569760385443,1.7650008081170304e-05
met,0.0002747850379546834,0.00025745232534618145,1.733271260850194e-05
running,0.00024043690821034795,0.00025745232534618145,1.7015417135833496e-05
put,0.0015800139682394293,0.0015631034038875301,1.691056435189917e-05
appeared,0.0006640638417238181,0.0006804097169863366,1.6345875262518462e-05
late,0.0004808738164206959,0.0004965151988819213,1.5641382461225445e-05
allowed,0.00021753815504745768,0.00020228396991485683,1.5254185132600846e-05
resolved,0.00029768379111757366,0.00031262068077750604,1.4936889659932374e-05
sad,0.00029768379111757366,0.00031262068077750604,1.4936889659932374e-05
green,0.0003091331676990188,0.0002942312289670645,1.490193873195431e-05
weary,0.00020608877846601251,0.00022067342172529838,1.4584643259285866e-05
regard,0.00020608877846601251,0.00022067342172529838,1.4584643259285866e-05
village,0.00020608877846601251,0.00022067342172529838,1.4584643259285866e-05
danger,0.00020608877846601251,0.00022067342172529838,1.4584643259285866e-05
sent,0.000492323193002141,0.0004781257470714798,1.4197445930661185e-05
struck,0.0005381206993279216,0.0005516835543132459,1.3562854985324242e-05
made,0.001889147135938448,0.001875724084665036,1.3423051273411986e-05
afternoon,0.0004465256866763605,0.00045973629526103825,1.321060858467776e-05
blood,0.0004465256866763605,0.00045973629526103825,1.321060858467776e-05
gazed,0.00025188628479179306,0.0002390628735357399,1.282341125605316e-05
knee,0.0002862344145361285,0.00027584177715662294,1.0392637379505584e-05
first,0.002106685290985906,0.0020963975063903345,1.0287784595571555e-05
week,0.0003778294271876896,0.0003677890362088306,1.0040390978858994e-05
letter,0.0003778294271876896,0.0003677890362088306,1.0040390978858994e-05
truth,0.0003778294271876896,0.0003677890362088306,1.0040390978858994e-05
sight,0.0003778294271876896,0.00038617848801927217,8.349060831582553e-06
born,0.00022898753162890281,0.00022067342172529838,8.314109903604435e-06
covered,0.00022898753162890281,0.00022067342172529838,8.314109903604435e-06
space,0.00022898753162890281,0.00022067342172529838,8.314109903604435e-06
formed,0.00022898753162890281,0.00022067342172529838,8.314109903604435e-06
free,0.0002862344145361285,0.0002942312289670645,7.996814430935963e-06
thinking,0.0002862344145361285,0.0002942312289670645,7.996814430935963e-06
acquaintance,0.00019463940188456738,0.00020228396991485683,7.644568030289455e-06
servants,0.00041217755693202503,0.00040456793982971366,7.609617102311364e-06
work,0.0006182663353980376,0.0006252413615550121,6.975026156974475e-06
man,0.0016487102277281001,0.0016550506629397378,6.34043521163764e-06
cheek,0.0003434812974433542,0.0003493995843983891,5.918286955034868e-06
play,0.00026333566137323825,0.00025745232534618145,5.883336027056804e-06
talking,0.00026333566137323825,0.00025745232534618145,5.883336027056804e-06
spirit,0.0005381206993279216,0.0005332941025028044,4.8265968251171975e-06
leave,0.0012365326707960752,0.0012320932712995825,4.4393994964927064e-06
added,0.000492323193002141,0.0004965151988819213,4.192005879780363e-06
fear,0.0007213107246310438,0.0007171886206072197,4.122104023824126e-06
friends,0.0004007281803505799,0.00040456793982971366,3.839759479133773e-06
possessed,0.00020608877846601251,0.00020228396991485683,3.804808551155682e-06
across,0.00020608877846601251,0.00020228396991485683,3.804808551155682e-06
eyes,0.002129584044148796,0.0021331764100112178,3.5923658624217e-06
eat,0.00029768379111757366,0.0002942312289670645,3.4525621505091734e-06
alive,0.00021753815504745768,0.00022067342172529838,3.135266677840702e-06
wishes,0.00021753815504745768,0.00022067342172529838,3.135266677840702e-06
none,0.00045797506325780563,0.00045973629526103825,1.7612320032326235e-06
attention,0.0002747850379546834,0.00027584177715662294,1.0567392019395524e-06
closed,0.00042362693351347016,0.0004229573916401552,6.69541873314953e-07
child,0.0010304438923300627,0.0010298093013847258,6.345909453369433e-07
