Most common words,Absolute frequency,Relative frequency
heathcliff,475.0,0.008734989609959727
linton,404.0,0.007429338531418379
catherine,379.0,0.00696960223615734
said,375.0,0.006896044428915574
mr,312.0,0.005737508964857758
one,290.0,0.005332941025028044
could,279.0,0.005130657055113187
master,205.0,0.003769837621140514
shall,191.0,0.0035123852957943324
come,190.0,0.0034939958439838908
us,181.0,0.003328490777689917
must,181.0,0.003328490777689917
never,180.0,0.0033101013258794755
hareton,179.0,0.003291711874069034
little,178.0,0.0032733224222585926
go,178.0,0.0032733224222585926
see,174.0,0.0031997646150168264
like,156.0,0.002868754482428879
answered,156.0,0.002868754482428879
till,151.0,0.002776807223376671
house,144.0,0.0026480810607035802
joseph,140.0,0.0025745232534618145
let,140.0,0.0025745232534618145
well,135.0,0.0024825759944096066
door,133.0,0.0024457970907887237
mrs,133.0,0.0024457970907887237
might,131.0,0.0024090181871678404
miss,131.0,0.0024090181871678404
earnshaw,129.0,0.0023722392835469576
time,127.0,0.0023354603799260742
father,127.0,0.0023354603799260742
cathy,124.0,0.0022802920244947497
tell,122.0,0.002243513120873867
though,121.0,0.002225123669063425
know,121.0,0.002225123669063425
back,121.0,0.002225123669063425
get,120.0,0.0022067342172529835
thought,118.0,0.0021699553136321006
good,117.0,0.002151565861821659
replied,117.0,0.002151565861821659
eyes,116.0,0.0021331764100112178
edgar,116.0,0.0021331764100112178
take,115.0,0.002114786958200776
first,114.0,0.0020963975063903345
cried,114.0,0.0020963975063903345
think,113.0,0.002078008054579893
may,110.0,0.0020228396991485683
nothing,110.0,0.0020228396991485683
two,108.0,0.0019860607955276854
day,108.0,0.0019860607955276854
say,107.0,0.0019676713437172437
young,107.0,0.0019676713437172437
oh,106.0,0.0019492818919068023
came,106.0,0.0019492818919068023
yet,105.0,0.0019308924400963606
last,105.0,0.0019308924400963606
asked,105.0,0.0019308924400963606
make,105.0,0.0019308924400963606
night,104.0,0.0019125029882859192
made,102.0,0.001875724084665036
face,101.0,0.0018573346328545947
room,101.0,0.0018573346328545947
still,99.0,0.0018205557292337116
ellen,99.0,0.0018205557292337116
heights,98.0,0.00180216627742327
look,98.0,0.00180216627742327
long,97.0,0.0017837768256128285
much,96.0,0.001765387373802387
took,96.0,0.001765387373802387
hand,94.0,0.001728608470181504
head,93.0,0.0017102190183710623
home,91.0,0.0016734401147501792
man,90.0,0.0016550506629397378
love,90.0,0.0016550506629397378
going,89.0,0.0016366612111292963
nelly,89.0,0.0016366612111292963
went,88.0,0.0016182717593188547
grange,87.0,0.0015998823075084132
half,87.0,0.0015998823075084132
away,87.0,0.0015998823075084132
another,86.0,0.0015814928556979716
put,85.0,0.0015631034038875301
heart,83.0,0.001526324500266647
old,82.0,0.0015079350484562056
every,82.0,0.0015079350484562056
better,81.0,0.001489545596645764
saw,80.0,0.0014711561448353225
way,80.0,0.0014711561448353225
hindley,80.0,0.0014711561448353225
heard,79.0,0.0014527666930248808
told,79.0,0.0014527666930248808
got,79.0,0.0014527666930248808
wish,77.0,0.001415987789403998
place,75.0,0.0013792088857831149
rather,75.0,0.0013792088857831149
looked,75.0,0.0013792088857831149
mind,75.0,0.0013792088857831149
exclaimed,75.0,0.0013792088857831149
cannot,74.0,0.0013608194339726732
papa,74.0,0.0013608194339726732
soon,73.0,0.0013424299821622318
fire,73.0,0.0013424299821622318
left,72.0,0.0013240405303517901
began,72.0,0.0013240405303517901
hear,71.0,0.0013056510785413487
lady,70.0,0.0012872616267309072
seemed,69.0,0.0012688721749204656
keep,69.0,0.0012688721749204656
ever,68.0,0.0012504827231100241
give,68.0,0.0012504827231100241
kitchen,67.0,0.0012320932712995825
leave,67.0,0.0012320932712995825
continued,67.0,0.0012320932712995825
however,65.0,0.0011953143676786994
bed,65.0,0.0011953143676786994
cousin,65.0,0.0011953143676786994
round,63.0,0.0011585354640578165
great,63.0,0.0011585354640578165
isabella,63.0,0.0011585354640578165
returned,62.0,0.0011401460122473749
felt,62.0,0.0011401460122473749
whole,62.0,0.0011401460122473749
set,62.0,0.0011401460122473749
since,62.0,0.0011401460122473749
evening,62.0,0.0011401460122473749
morning,62.0,0.0011401460122473749
done,62.0,0.0011401460122473749
wuthering,61.0,0.0011217565604369334
without,61.0,0.0011217565604369334
alone,61.0,0.0011217565604369334
window,60.0,0.0011033671086264918
hands,59.0,0.0010849776568160503
hour,59.0,0.0010849776568160503
speak,59.0,0.0010849776568160503
side,57.0,0.0010481987531951672
coming,56.0,0.0010298093013847258
open,56.0,0.0010298093013847258
child,56.0,0.0010298093013847258
yes,56.0,0.0010298093013847258
enough,56.0,0.0010298093013847258
three,55.0,0.0010114198495742841
whether,55.0,0.0010114198495742841
life,55.0,0.0010114198495742841
ill,54.0,0.0009930303977638427
sat,53.0,0.0009746409459534011
always,53.0,0.0009746409459534011
thing,53.0,0.0009746409459534011
poor,52.0,0.0009562514941429596
stairs,52.0,0.0009562514941429596
mine,52.0,0.0009562514941429596
right,51.0,0.000937862042332518
something,51.0,0.000937862042332518
want,51.0,0.000937862042332518
gone,51.0,0.000937862042332518
mistress,51.0,0.000937862042332518
chair,50.0,0.0009194725905220765
sit,50.0,0.0009194725905220765
answer,49.0,0.000901083138711635
even,49.0,0.000901083138711635
stay,49.0,0.000901083138711635
next,49.0,0.000901083138711635
dean,49.0,0.000901083138711635
talk,49.0,0.000901083138711635
entered,48.0,0.0008826936869011935
brought,48.0,0.0008826936869011935
found,48.0,0.0008826936869011935
quite,48.0,0.0008826936869011935
care,47.0,0.000864304235090752
word,47.0,0.000864304235090752
sure,47.0,0.000864304235090752
else,47.0,0.000864304235090752
turn,46.0,0.0008459147832803104
gave,46.0,0.0008459147832803104
present,46.0,0.0008459147832803104
far,46.0,0.0008459147832803104
years,46.0,0.0008459147832803104
death,46.0,0.0008459147832803104
words,45.0,0.0008275253314698689
almost,45.0,0.0008275253314698689
ye,45.0,0.0008275253314698689
bad,45.0,0.0008275253314698689
towards,44.0,0.0008091358796594273
perhaps,44.0,0.0008091358796594273
among,44.0,0.0008091358796594273
light,44.0,0.0008091358796594273
hardly,44.0,0.0008091358796594273
servant,44.0,0.0008091358796594273
world,44.0,0.0008091358796594273
black,43.0,0.0007907464278489858
sir,43.0,0.0007907464278489858
walk,43.0,0.0007907464278489858
near,43.0,0.0007907464278489858
bear,43.0,0.0007907464278489858
also,43.0,0.0007907464278489858
stood,43.0,0.0007907464278489858
lay,42.0,0.0007723569760385443
table,42.0,0.0007723569760385443
people,42.0,0.0007723569760385443
return,42.0,0.0007723569760385443
lad,42.0,0.0007723569760385443
god,42.0,0.0007723569760385443
hope,41.0,0.0007539675242281028
observed,41.0,0.0007539675242281028
son,41.0,0.0007539675242281028
minute,41.0,0.0007539675242281028
together,41.0,0.0007539675242281028
looking,40.0,0.0007355780724176612
least,40.0,0.0007355780724176612
seen,40.0,0.0007355780724176612
worse,40.0,0.0007355780724176612
bid,40.0,0.0007355780724176612
dead,40.0,0.0007355780724176612
turned,40.0,0.0007355780724176612
road,40.0,0.0007355780724176612
neither,40.0,0.0007355780724176612
believe,39.0,0.0007171886206072197
name,39.0,0.0007171886206072197
mother,39.0,0.0007171886206072197
kind,39.0,0.0007171886206072197
fear,39.0,0.0007171886206072197
knew,39.0,0.0007171886206072197
unless,39.0,0.0007171886206072197
brother,39.0,0.0007171886206072197
boy,39.0,0.0007171886206072197
companion,39.0,0.0007171886206072197
countenance,38.0,0.0006987991687967782
arm,38.0,0.0006987991687967782
hate,38.0,0.0006987991687967782
feel,38.0,0.0006987991687967782
hold,38.0,0.0006987991687967782
anything,38.0,0.0006987991687967782
hair,38.0,0.0006987991687967782
things,38.0,0.0006987991687967782
suppose,37.0,0.0006804097169863366
appeared,37.0,0.0006804097169863366
kept,37.0,0.0006804097169863366
cold,37.0,0.0006804097169863366
garden,37.0,0.0006804097169863366
moment,37.0,0.0006804097169863366
voice,37.0,0.0006804097169863366
chamber,37.0,0.0006804097169863366
read,37.0,0.0006804097169863366
chapter,36.0,0.0006620202651758951
devil,36.0,0.0006620202651758951
nobody,36.0,0.0006620202651758951
person,36.0,0.0006620202651758951
ask,36.0,0.0006620202651758951
run,36.0,0.0006620202651758951
rest,36.0,0.0006620202651758951
less,36.0,0.0006620202651758951
gimmerton,36.0,0.0006620202651758951
either,35.0,0.0006436308133654536
zillah,35.0,0.0006436308133654536
rose,35.0,0.0006436308133654536
bring,34.0,0.0006252413615550121
call,34.0,0.0006252413615550121
remained,34.0,0.0006252413615550121
instead,34.0,0.0006252413615550121
work,34.0,0.0006252413615550121
opened,34.0,0.0006252413615550121
called,34.0,0.0006252413615550121
days,34.0,0.0006252413615550121
many,33.0,0.0006068519097445705
morrow,33.0,0.0006068519097445705
full,33.0,0.0006068519097445705
pleasure,33.0,0.0006068519097445705
often,33.0,0.0006068519097445705
spoke,33.0,0.0006068519097445705
grew,33.0,0.0006068519097445705
show,33.0,0.0006068519097445705
hurt,33.0,0.0006068519097445705
ran,33.0,0.0006068519097445705
held,33.0,0.0006068519097445705
fingers,32.0,0.000588462457934129
help,32.0,0.000588462457934129
indeed,32.0,0.000588462457934129
dark,32.0,0.000588462457934129
muttered,32.0,0.000588462457934129
glad,32.0,0.000588462457934129
shut,32.0,0.000588462457934129
fit,32.0,0.000588462457934129
fell,32.0,0.000588462457934129
live,32.0,0.000588462457934129
horse,31.0,0.0005700730061236874
times,31.0,0.0005700730061236874
company,31.0,0.0005700730061236874
matter,31.0,0.0005700730061236874
turning,31.0,0.0005700730061236874
drew,31.0,0.0005700730061236874
soul,31.0,0.0005700730061236874
books,31.0,0.0005700730061236874
friend,31.0,0.0005700730061236874
children,31.0,0.0005700730061236874
certain,31.0,0.0005700730061236874
family,30.0,0.0005516835543132459
within,30.0,0.0005516835543132459
living,30.0,0.0005516835543132459
used,30.0,0.0005516835543132459
dog,30.0,0.0005516835543132459
hearth,30.0,0.0005516835543132459
tea,30.0,0.0005516835543132459
struck,30.0,0.0005516835543132459
book,30.0,0.0005516835543132459
send,30.0,0.0005516835543132459
part,30.0,0.0005516835543132459
really,30.0,0.0005516835543132459
nearly,30.0,0.0005516835543132459
trouble,30.0,0.0005516835543132459
interrupted,29.0,0.0005332941025028044
end,29.0,0.0005332941025028044
seat,29.0,0.0005332941025028044
scarcely,29.0,0.0005332941025028044
making,29.0,0.0005332941025028044
wished,29.0,0.0005332941025028044
afraid,29.0,0.0005332941025028044
cry,29.0,0.0005332941025028044
spirit,29.0,0.0005332941025028044
die,29.0,0.0005332941025028044
settle,29.0,0.0005332941025028044
lie,29.0,0.0005332941025028044
hours,29.0,0.0005332941025028044
tears,29.0,0.0005332941025028044
sitting,28.0,0.0005149046506923629
except,28.0,0.0005149046506923629
dear,28.0,0.0005149046506923629
hard,28.0,0.0005149046506923629
behind,28.0,0.0005149046506923629
commenced,28.0,0.0005149046506923629
strange,28.0,0.0005149046506923629
repeated,28.0,0.0005149046506923629
ready,28.0,0.0005149046506923629
husband,28.0,0.0005149046506923629
wicked,28.0,0.0005149046506923629
candle,28.0,0.0005149046506923629
sleep,28.0,0.0005149046506923629
says,28.0,0.0005149046506923629
remember,28.0,0.0005149046506923629
presence,28.0,0.0005149046506923629
please,28.0,0.0005149046506923629
inquired,28.0,0.0005149046506923629
happy,28.0,0.0005149046506923629
whispered,28.0,0.0005149046506923629
new,27.0,0.0004965151988819213
notice,27.0,0.0004965151988819213
four,27.0,0.0004965151988819213
tongue,27.0,0.0004965151988819213
manner,27.0,0.0004965151988819213
clock,27.0,0.0004965151988819213
laid,27.0,0.0004965151988819213
longer,27.0,0.0004965151988819213
wife,27.0,0.0004965151988819213
sorry,27.0,0.0004965151988819213
water,27.0,0.0004965151988819213
twenty,27.0,0.0004965151988819213
wanted,27.0,0.0004965151988819213
added,27.0,0.0004965151988819213
directly,27.0,0.0004965151988819213
sense,27.0,0.0004965151988819213
angry,27.0,0.0004965151988819213
late,27.0,0.0004965151988819213
seek,27.0,0.0004965151988819213
visit,26.0,0.0004781257470714798
heaven,26.0,0.0004781257470714798
thrushcross,26.0,0.0004781257470714798
gate,26.0,0.0004781257470714798
nay,26.0,0.0004781257470714798
deep,26.0,0.0004781257470714798
white,26.0,0.0004781257470714798
doubt,26.0,0.0004781257470714798
arms,26.0,0.0004781257470714798
probably,26.0,0.0004781257470714798
doors,26.0,0.0004781257470714798
maister,26.0,0.0004781257470714798
length,26.0,0.0004781257470714798
minutes,26.0,0.0004781257470714798
law,26.0,0.0004781257470714798
former,26.0,0.0004781257470714798
idea,26.0,0.0004781257470714798
reason,26.0,0.0004781257470714798
sent,26.0,0.0004781257470714798
close,26.0,0.0004781257470714798
wild,26.0,0.0004781257470714798
account,26.0,0.0004781257470714798
laugh,26.0,0.0004781257470714798
uncle,26.0,0.0004781257470714798
need,25.0,0.00045973629526103825
summer,25.0,0.00045973629526103825
besides,25.0,0.00045973629526103825
afternoon,25.0,0.00045973629526103825
girl,25.0,0.00045973629526103825
pleased,25.0,0.00045973629526103825
expression,25.0,0.00045973629526103825
none,25.0,0.00045973629526103825
afterwards,25.0,0.00045973629526103825
mean,25.0,0.00045973629526103825
yah,25.0,0.00045973629526103825
stand,25.0,0.00045973629526103825
sake,25.0,0.00045973629526103825
blood,25.0,0.00045973629526103825
feet,25.0,0.00045973629526103825
find,25.0,0.00045973629526103825
walked,25.0,0.00045973629526103825
wait,25.0,0.00045973629526103825
woman,25.0,0.00045973629526103825
months,25.0,0.00045973629526103825
fancy,25.0,0.00045973629526103825
joy,25.0,0.00045973629526103825
wonder,24.0,0.00044134684345059676
strong,24.0,0.00044134684345059676
wall,24.0,0.00044134684345059676
desire,24.0,0.00044134684345059676
purpose,24.0,0.00044134684345059676
remarked,24.0,0.00044134684345059676
subject,24.0,0.00044134684345059676
features,24.0,0.00044134684345059676
taking,24.0,0.00044134684345059676
quiet,24.0,0.00044134684345059676
raised,24.0,0.00044134684345059676
doctor,24.0,0.00044134684345059676
kenneth,24.0,0.00044134684345059676
try,24.0,0.00044134684345059676
uttered,23.0,0.0004229573916401552
closed,23.0,0.0004229573916401552
short,23.0,0.0004229573916401552
latter,23.0,0.0004229573916401552
floor,23.0,0.0004229573916401552
loved,23.0,0.0004229573916401552
fast,23.0,0.0004229573916401552
snow,23.0,0.0004229573916401552
earth,23.0,0.0004229573916401552
th,23.0,0.0004229573916401552
seized,23.0,0.0004229573916401552
ah,23.0,0.0004229573916401552
neck,23.0,0.0004229573916401552
lost,23.0,0.0004229573916401552
pity,23.0,0.0004229573916401552
business,23.0,0.0004229573916401552
park,23.0,0.0004229573916401552
followed,23.0,0.0004229573916401552
temper,23.0,0.0004229573916401552
reached,23.0,0.0004229573916401552
remain,23.0,0.0004229573916401552
tried,23.0,0.0004229573916401552
pretty,23.0,0.0004229573916401552
sister,23.0,0.0004229573916401552
grave,23.0,0.0004229573916401552
hush,23.0,0.0004229573916401552
crying,23.0,0.0004229573916401552
silent,23.0,0.0004229573916401552
guess,22.0,0.00040456793982971366
wind,22.0,0.00040456793982971366
eye,22.0,0.00040456793982971366
seated,22.0,0.00040456793982971366
fine,22.0,0.00040456793982971366
silence,22.0,0.00040456793982971366
stranger,22.0,0.00040456793982971366
taken,22.0,0.00040456793982971366
servants,22.0,0.00040456793982971366
corner,22.0,0.00040456793982971366
speech,22.0,0.00040456793982971366
absence,22.0,0.00040456793982971366
moors,22.0,0.00040456793982971366
means,22.0,0.00040456793982971366
notion,22.0,0.00040456793982971366
winter,22.0,0.00040456793982971366
early,22.0,0.00040456793982971366
friends,22.0,0.00040456793982971366
true,22.0,0.00040456793982971366
dinner,21.0,0.00038617848801927217
large,21.0,0.00038617848801927217
entrance,21.0,0.00038617848801927217
parlour,21.0,0.00038617848801927217
five,21.0,0.00038617848801927217
creature,21.0,0.00038617848801927217
housekeeper,21.0,0.00038617848801927217
air,21.0,0.00038617848801927217
received,21.0,0.00038617848801927217
rough,21.0,0.00038617848801927217
mouth,21.0,0.00038617848801927217
past,21.0,0.00038617848801927217
upon,21.0,0.00038617848801927217
demanded,21.0,0.00038617848801927217
promise,21.0,0.00038617848801927217
change,21.0,0.00038617848801927217
nature,21.0,0.00038617848801927217
course,21.0,0.00038617848801927217
sight,21.0,0.00038617848801927217
use,21.0,0.00038617848801927217
laughed,21.0,0.00038617848801927217
seeing,21.0,0.00038617848801927217
breath,21.0,0.00038617848801927217
bit,21.0,0.00038617848801927217
enter,21.0,0.00038617848801927217
sweet,21.0,0.00038617848801927217
country,20.0,0.0003677890362088306
fellow,20.0,0.0003677890362088306
yesterday,20.0,0.0003677890362088306
six,20.0,0.0003677890362088306
entirely,20.0,0.0003677890362088306
glance,20.0,0.0003677890362088306
second,20.0,0.0003677890362088306
health,20.0,0.0003677890362088306
immediately,20.0,0.0003677890362088306
reach,20.0,0.0003677890362088306
best,20.0,0.0003677890362088306
conduct,20.0,0.0003677890362088306
forward,20.0,0.0003677890362088306
question,20.0,0.0003677890362088306
sound,20.0,0.0003677890362088306
_you_,20.0,0.0003677890362088306
compelled,20.0,0.0003677890362088306
suffer,20.0,0.0003677890362088306
sick,20.0,0.0003677890362088306
library,20.0,0.0003677890362088306
step,20.0,0.0003677890362088306
truth,20.0,0.0003677890362088306
mad,20.0,0.0003677890362088306
beyond,20.0,0.0003677890362088306
ground,20.0,0.0003677890362088306
trees,20.0,0.0003677890362088306
died,20.0,0.0003677890362088306
sometimes,20.0,0.0003677890362088306
tired,20.0,0.0003677890362088306
week,20.0,0.0003677890362088306
wrong,20.0,0.0003677890362088306
aware,20.0,0.0003677890362088306
letter,20.0,0.0003677890362088306
fixed,19.0,0.0003493995843983891
removed,19.0,0.0003493995843983891
lockwood,19.0,0.0003493995843983891
high,19.0,0.0003493995843983891
hills,19.0,0.0003493995843983891
aspect,19.0,0.0003493995843983891
handsome,19.0,0.0003493995843983891
warm,19.0,0.0003493995843983891
existence,19.0,0.0003493995843983891
red,19.0,0.0003493995843983891
chance,19.0,0.0003493995843983891
tone,19.0,0.0003493995843983891
cause,19.0,0.0003493995843983891
presently,19.0,0.0003493995843983891
laughing,19.0,0.0003493995843983891
un,19.0,0.0003493995843983891
point,19.0,0.0003493995843983891
passed,19.0,0.0003493995843983891
cut,19.0,0.0003493995843983891
pass,19.0,0.0003493995843983891
lips,19.0,0.0003493995843983891
caught,19.0,0.0003493995843983891
journey,19.0,0.0003493995843983891
obliged,19.0,0.0003493995843983891
smile,19.0,0.0003493995843983891
cheek,19.0,0.0003493995843983891
forgive,19.0,0.0003493995843983891
possible,18.0,0.00033101013258794753
teeth,18.0,0.00033101013258794753
leant,18.0,0.00033101013258794753
front,18.0,0.00033101013258794753
roof,18.0,0.00033101013258794753
apartment,18.0,0.00033101013258794753
feeling,18.0,0.00033101013258794753
finally,18.0,0.00033101013258794753
touch,18.0,0.00033101013258794753
interest,18.0,0.00033101013258794753
n,18.0,0.00033101013258794753
small,18.0,0.00033101013258794753
bitter,18.0,0.00033101013258794753
mention,18.0,0.00033101013258794753
cross,18.0,0.00033101013258794753
hell,18.0,0.00033101013258794753
darling,18.0,0.00033101013258794753
repeat,18.0,0.00033101013258794753
moor,18.0,0.00033101013258794753
fro,18.0,0.00033101013258794753
distance,18.0,0.00033101013258794753
watch,18.0,0.00033101013258794753
departed,18.0,0.00033101013258794753
object,18.0,0.00033101013258794753
fall,18.0,0.00033101013258794753
dropped,18.0,0.00033101013258794753
weeping,18.0,0.00033101013258794753
dying,18.0,0.00033101013258794753
fool,18.0,0.00033101013258794753
pony,18.0,0.00033101013258794753
single,18.0,0.00033101013258794753
feelings,18.0,0.00033101013258794753
marry,18.0,0.00033101013258794753
allow,17.0,0.00031262068077750604
court,17.0,0.00031262068077750604
generally,17.0,0.00031262068077750604
pride,17.0,0.00031262068077750604
leaving,17.0,0.00031262068077750604
flung,17.0,0.00031262068077750604
moved,17.0,0.00031262068077750604
humour,17.0,0.00031262068077750604
hat,17.0,0.00031262068077750604
top,17.0,0.00031262068077750604
resolved,17.0,0.00031262068077750604
yard,17.0,0.00031262068077750604
follow,17.0,0.00031262068077750604
apparently,17.0,0.00031262068077750604
condition,17.0,0.00031262068077750604
gaze,17.0,0.00031262068077750604
imagine,17.0,0.00031262068077750604
sad,17.0,0.00031262068077750604
daughter,17.0,0.00031262068077750604
appearance,17.0,0.00031262068077750604
discovered,17.0,0.00031262068077750604
dared,17.0,0.00031262068077750604
walking,17.0,0.00031262068077750604
passion,17.0,0.00031262068077750604
changed,17.0,0.00031262068077750604
opportunity,17.0,0.00031262068077750604
refused,17.0,0.00031262068077750604
act,17.0,0.00031262068077750604
naughty,17.0,0.00031262068077750604
kindness,17.0,0.00031262068077750604
stayed,17.0,0.00031262068077750604
dare,17.0,0.00031262068077750604
certainly,16.0,0.0002942312289670645
order,16.0,0.0002942312289670645
power,16.0,0.0002942312289670645
green,16.0,0.0002942312289670645
looks,16.0,0.0002942312289670645
ears,16.0,0.0002942312289670645
aloud,16.0,0.0002942312289670645
usual,16.0,0.0002942312289670645
foolish,16.0,0.0002942312289670645
evidently,16.0,0.0002942312289670645
whose,16.0,0.0002942312289670645
thinking,16.0,0.0002942312289670645
stared,16.0,0.0002942312289670645
standing,16.0,0.0002942312289670645
free,16.0,0.0002942312289670645
state,16.0,0.0002942312289670645
started,16.0,0.0002942312289670645
period,16.0,0.0002942312289670645
married,16.0,0.0002942312289670645
conversation,16.0,0.0002942312289670645
expected,16.0,0.0002942312289670645
em,16.0,0.0002942312289670645
bent,16.0,0.0002942312289670645
odd,16.0,0.0002942312289670645
beneath,16.0,0.0002942312289670645
eat,16.0,0.0002942312289670645
asleep,16.0,0.0002942312289670645
twice,16.0,0.0002942312289670645
character,16.0,0.0002942312289670645
listened,16.0,0.0002942312289670645
attempt,16.0,0.0002942312289670645
broken,16.0,0.0002942312289670645
stopped,16.0,0.0002942312289670645
ere,16.0,0.0002942312289670645
lifted,16.0,0.0002942312289670645
breakfast,16.0,0.0002942312289670645
threw,16.0,0.0002942312289670645
gathered,16.0,0.0002942312289670645
strength,16.0,0.0002942312289670645
age,16.0,0.0002942312289670645
comfort,16.0,0.0002942312289670645
silly,16.0,0.0002942312289670645
quick,16.0,0.0002942312289670645
able,16.0,0.0002942312289670645
beside,16.0,0.0002942312289670645
ear,16.0,0.0002942312289670645
spring,16.0,0.0002942312289670645
watching,16.0,0.0002942312289670645
lock,16.0,0.0002942312289670645
society,15.0,0.00027584177715662294
calling,15.0,0.00027584177715662294
stop,15.0,0.00027584177715662294
frame,15.0,0.00027584177715662294
chimney,15.0,0.00027584177715662294
stone,15.0,0.00027584177715662294
knee,15.0,0.00027584177715662294
hated,15.0,0.00027584177715662294
shame,15.0,0.00027584177715662294
filled,15.0,0.00027584177715662294
foot,15.0,0.00027584177715662294
suddenly,15.0,0.00027584177715662294
peace,15.0,0.00027584177715662294
scene,15.0,0.00027584177715662294
endure,15.0,0.00027584177715662294
putting,15.0,0.00027584177715662294
touched,15.0,0.00027584177715662294
twelve,15.0,0.00027584177715662294
remove,15.0,0.00027584177715662294
shook,15.0,0.00027584177715662294
wi,15.0,0.00027584177715662294
cheerful,15.0,0.00027584177715662294
fair,15.0,0.00027584177715662294
showed,15.0,0.00027584177715662294
body,15.0,0.00027584177715662294
perceiving,15.0,0.00027584177715662294
approached,15.0,0.00027584177715662294
already,15.0,0.00027584177715662294
carried,15.0,0.00027584177715662294
murmured,15.0,0.00027584177715662294
several,15.0,0.00027584177715662294
reading,15.0,0.00027584177715662294
forget,15.0,0.00027584177715662294
nonsense,15.0,0.00027584177715662294
seven,15.0,0.00027584177715662294
occasion,15.0,0.00027584177715662294
inform,15.0,0.00027584177715662294
lattice,15.0,0.00027584177715662294
instant,15.0,0.00027584177715662294
sobbed,15.0,0.00027584177715662294
ought,15.0,0.00027584177715662294
grief,15.0,0.00027584177715662294
sprang,15.0,0.00027584177715662294
offered,15.0,0.00027584177715662294
low,15.0,0.00027584177715662294
concerning,15.0,0.00027584177715662294
meant,15.0,0.00027584177715662294
getting,15.0,0.00027584177715662294
convinced,15.0,0.00027584177715662294
hearing,15.0,0.00027584177715662294
deal,15.0,0.00027584177715662294
altered,15.0,0.00027584177715662294
soft,15.0,0.00027584177715662294
weeks,15.0,0.00027584177715662294
attention,15.0,0.00027584177715662294
pocket,15.0,0.00027584177715662294
expect,15.0,0.00027584177715662294
miserable,15.0,0.00027584177715662294
kill,15.0,0.00027584177715662294
secret,15.0,0.00027584177715662294
surprise,15.0,0.00027584177715662294
illness,15.0,0.00027584177715662294
key,15.0,0.00027584177715662294
completely,14.0,0.00025745232534618145
beheld,14.0,0.00025745232534618145
thoughts,14.0,0.00025745232534618145
hinder,14.0,0.00025745232534618145
determined,14.0,0.00025745232534618145
weather,14.0,0.00025745232534618145
windows,14.0,0.00025745232534618145
aversion,14.0,0.00025745232534618145
running,14.0,0.00025745232534618145
guessed,14.0,0.00025745232534618145
led,14.0,0.00025745232534618145
hastened,14.0,0.00025745232534618145
steps,14.0,0.00025745232534618145
spirits,14.0,0.00025745232534618145
glass,14.0,0.00025745232534618145
beginning,14.0,0.00025745232534618145
amusement,14.0,0.00025745232534618145
escape,14.0,0.00025745232534618145
obeyed,14.0,0.00025745232534618145
piece,14.0,0.00025745232534618145
attempted,14.0,0.00025745232534618145
resumed,14.0,0.00025745232534618145
clothes,14.0,0.00025745232534618145
dream,14.0,0.00025745232534618145
therefore,14.0,0.00025745232534618145
pleasant,14.0,0.00025745232534618145
talking,14.0,0.00025745232534618145
stepped,14.0,0.00025745232534618145
evil,14.0,0.00025745232534618145
lived,14.0,0.00025745232534618145
year,14.0,0.00025745232534618145
ease,14.0,0.00025745232534618145
rain,14.0,0.00025745232534618145
play,14.0,0.00025745232534618145
saying,14.0,0.00025745232534618145
thrust,14.0,0.00025745232534618145
break,14.0,0.00025745232534618145
raise,14.0,0.00025745232534618145
idle,14.0,0.00025745232534618145
terror,14.0,0.00025745232534618145
cruel,14.0,0.00025745232534618145
outside,14.0,0.00025745232534618145
fiend,14.0,0.00025745232534618145
quit,14.0,0.00025745232534618145
anguish,14.0,0.00025745232534618145
desired,14.0,0.00025745232534618145
supper,14.0,0.00025745232534618145
speaking,14.0,0.00025745232534618145
bonny,14.0,0.00025745232534618145
tale,14.0,0.00025745232534618145
lass,14.0,0.00025745232534618145
bright,14.0,0.00025745232534618145
affection,14.0,0.00025745232534618145
insisted,14.0,0.00025745232534618145
trying,14.0,0.00025745232534618145
ten,14.0,0.00025745232534618145
met,14.0,0.00025745232534618145
avoid,14.0,0.00025745232534618145
aside,14.0,0.00025745232534618145
slight,14.0,0.00025745232534618145
sorrow,14.0,0.00025745232534618145
drink,14.0,0.00025745232534618145
sunshine,14.0,0.00025745232534618145
write,14.0,0.00025745232534618145
beautiful,13.0,0.0002390628735357399
reflection,13.0,0.0002390628735357399
aid,13.0,0.0002390628735357399
sun,13.0,0.0002390628735357399
stones,13.0,0.0002390628735357399
miles,13.0,0.0002390628735357399
gentleman,13.0,0.0002390628735357399
lip,13.0,0.0002390628735357399
anxious,13.0,0.0002390628735357399
exceedingly,13.0,0.0002390628735357399
heath,13.0,0.0002390628735357399
intention,13.0,0.0002390628735357399
move,13.0,0.0002390628735357399
reply,13.0,0.0002390628735357399
pushed,13.0,0.0002390628735357399
clear,13.0,0.0002390628735357399
spare,13.0,0.0002390628735357399
likely,13.0,0.0002390628735357399
seem,13.0,0.0002390628735357399
dismal,13.0,0.0002390628735357399
dreary,13.0,0.0002390628735357399
rich,13.0,0.0002390628735357399
wretch,13.0,0.0002390628735357399
ordered,13.0,0.0002390628735357399
forth,13.0,0.0002390628735357399
noise,13.0,0.0002390628735357399
begin,13.0,0.0002390628735357399
case,13.0,0.0002390628735357399
perceived,13.0,0.0002390628735357399
sufficient,13.0,0.0002390628735357399
ashamed,13.0,0.0002390628735357399
comes,13.0,0.0002390628735357399
fetch,13.0,0.0002390628735357399
chapel,13.0,0.0002390628735357399
ordinary,13.0,0.0002390628735357399
sudden,13.0,0.0002390628735357399
dry,13.0,0.0002390628735357399
draw,13.0,0.0002390628735357399
guest,13.0,0.0002390628735357399
proceeded,13.0,0.0002390628735357399
frequently,13.0,0.0002390628735357399
following,13.0,0.0002390628735357399
exactly,13.0,0.0002390628735357399
given,13.0,0.0002390628735357399
money,13.0,0.0002390628735357399
lintons,13.0,0.0002390628735357399
waiting,13.0,0.0002390628735357399
kissed,13.0,0.0002390628735357399
sadly,13.0,0.0002390628735357399
killed,13.0,0.0002390628735357399
shoulder,13.0,0.0002390628735357399
pray,13.0,0.0002390628735357399
earnest,13.0,0.0002390628735357399
fond,13.0,0.0002390628735357399
learn,13.0,0.0002390628735357399
middle,13.0,0.0002390628735357399
meet,13.0,0.0002390628735357399
meeting,13.0,0.0002390628735357399
gazed,13.0,0.0002390628735357399
kiss,13.0,0.0002390628735357399
milk,13.0,0.0002390628735357399
charge,13.0,0.0002390628735357399
spent,13.0,0.0002390628735357399
pale,13.0,0.0002390628735357399
listen,13.0,0.0002390628735357399
pursued,13.0,0.0002390628735357399
stir,12.0,0.00022067342172529838
passing,12.0,0.00022067342172529838
owner,12.0,0.00022067342172529838
altogether,12.0,0.00022067342172529838
reflected,12.0,0.00022067342172529838
along,12.0,0.00022067342172529838
dogs,12.0,0.00022067342172529838
dress,12.0,0.00022067342172529838
sort,12.0,0.00022067342172529838
keeping,12.0,0.00022067342172529838
perfectly,12.0,0.00022067342172529838
understand,12.0,0.00022067342172529838
faces,12.0,0.00022067342172529838
knees,12.0,0.00022067342172529838
common,12.0,0.00022067342172529838
cheeks,12.0,0.00022067342172529838
thank,12.0,0.00022067342172529838
villain,12.0,0.00022067342172529838
forehead,12.0,0.00022067342172529838
space,12.0,0.00022067342172529838
revealed,12.0,0.00022067342172529838
impossible,12.0,0.00022067342172529838
buried,12.0,0.00022067342172529838
alive,12.0,0.00022067342172529838
recollect,12.0,0.00022067342172529838
covered,12.0,0.00022067342172529838
nowt,12.0,0.00022067342172529838
horror,12.0,0.00022067342172529838
excuse,12.0,0.00022067342172529838
persuade,12.0,0.00022067342172529838
patience,12.0,0.00022067342172529838
behaviour,12.0,0.00022067342172529838
agitation,12.0,0.00022067342172529838
pulled,12.0,0.00022067342172529838
hide,12.0,0.00022067342172529838
anybody,12.0,0.00022067342172529838
fastened,12.0,0.00022067342172529838
fact,12.0,0.00022067342172529838
formed,12.0,0.00022067342172529838
church,12.0,0.00022067342172529838
hundred,12.0,0.00022067342172529838
weary,12.0,0.00022067342172529838
grow,12.0,0.00022067342172529838
descended,12.0,0.00022067342172529838
rise,12.0,0.00022067342172529838
knows,12.0,0.00022067342172529838
self,12.0,0.00022067342172529838
merely,12.0,0.00022067342172529838
vexed,12.0,0.00022067342172529838
agony,12.0,0.00022067342172529838
noticed,12.0,0.00022067342172529838
accompany,12.0,0.00022067342172529838
strike,12.0,0.00022067342172529838
born,12.0,0.00022067342172529838
ride,12.0,0.00022067342172529838
explain,12.0,0.00022067342172529838
teach,12.0,0.00022067342172529838
regard,12.0,0.00022067342172529838
watched,12.0,0.00022067342172529838
wishes,12.0,0.00022067342172529838
curate,12.0,0.00022067342172529838
harm,12.0,0.00022067342172529838
thee,12.0,0.00022067342172529838
safe,12.0,0.00022067342172529838
wide,12.0,0.00022067342172529838
discover,12.0,0.00022067342172529838
prevent,12.0,0.00022067342172529838
catch,12.0,0.00022067342172529838
quarrel,12.0,0.00022067342172529838
blue,12.0,0.00022067342172529838
amuse,12.0,0.00022067342172529838
continue,12.0,0.00022067342172529838
courage,12.0,0.00022067342172529838
grieved,12.0,0.00022067342172529838
shoulders,12.0,0.00022067342172529838
instantly,12.0,0.00022067342172529838
recovered,12.0,0.00022067342172529838
locked,12.0,0.00022067342172529838
ago,12.0,0.00022067342172529838
eagerly,12.0,0.00022067342172529838
damn,12.0,0.00022067342172529838
wept,12.0,0.00022067342172529838
visits,12.0,0.00022067342172529838
extremely,12.0,0.00022067342172529838
knife,12.0,0.00022067342172529838
quitted,12.0,0.00022067342172529838
sha,12.0,0.00022067342172529838
consent,12.0,0.00022067342172529838
news,12.0,0.00022067342172529838
danger,12.0,0.00022067342172529838
hereafter,12.0,0.00022067342172529838
village,12.0,0.00022067342172529838
anger,12.0,0.00022067342172529838
minny,12.0,0.00022067342172529838
imagined,11.0,0.00020228396991485683
expressed,11.0,0.00020228396991485683
pushing,11.0,0.00020228396991485683
lord,11.0,0.00020228396991485683
forced,11.0,0.00020228396991485683
bare,11.0,0.00020228396991485683
acquaintance,11.0,0.00020228396991485683
retired,11.0,0.00020228396991485683
supposed,11.0,0.00020228396991485683
mamma,11.0,0.00020228396991485683
opposite,11.0,0.00020228396991485683
broke,11.0,0.00020228396991485683
possessed,11.0,0.00020228396991485683
latch,11.0,0.00020228396991485683
meal,11.0,0.00020228396991485683
consequence,11.0,0.00020228396991485683
beg,11.0,0.00020228396991485683
pardon,11.0,0.00020228396991485683
guide,11.0,0.00020228396991485683
_he_,11.0,0.00020228396991485683
inclined,11.0,0.00020228396991485683
finished,11.0,0.00020228396991485683
caused,11.0,0.00020228396991485683
duty,11.0,0.00020228396991485683
men,11.0,0.00020228396991485683
ignorance,11.0,0.00020228396991485683
stare,11.0,0.00020228396991485683
trembling,11.0,0.00020228396991485683
retorted,11.0,0.00020228396991485683
violent,11.0,0.00020228396991485683
thus,11.0,0.00020228396991485683
garret,11.0,0.00020228396991485683
allowed,11.0,0.00020228396991485683
hung,11.0,0.00020228396991485683
pillow,11.0,0.00020228396991485683
constant,11.0,0.00020228396991485683
considered,11.0,0.00020228396991485683
across,11.0,0.00020228396991485683
different,11.0,0.00020228396991485683
thy,11.0,0.00020228396991485683
lying,11.0,0.00020228396991485683
forgotten,11.0,0.00020228396991485683
begone,11.0,0.00020228396991485683
rapidly,11.0,0.00020228396991485683
memory,11.0,0.00020228396991485683
